"P1_x","P1_y"
1e-06,1.060305104e-11,
0.000101,0.0008055816848,
0.000201,0.008739718193,
0.0003,0.02884076559,
0.0004,0.0584515671,
0.0005,0.08977848615,
0.0006,0.1166372835,
0.0007,0.1369012811,
0.0008,0.1516293064,
0.0009,0.1630770701,
0.001,0.1732951803,
0.0011,0.1836499499,
0.001201,0.1949856511,
0.001301,0.2073243393,
0.001401,0.2206597489,
0.001501,0.2346296699,
0.001601,0.2487505669,
0.001701,0.2625541183,
0.001801,0.2756932684,
0.001901,0.2879898013,
0.002001,0.2994242014,
0.002101,0.3100894516,
0.002201,0.3201347079,
0.002301,0.3297174329,
0.002401,0.3389721544,
0.0025,0.3479067299,
0.0026,0.356759672,
0.0027,0.3654658276,
0.0028,0.3740283927,
0.0029,0.3824372169,
0.003,0.3906763117,
0.0031,0.39872855,
0.0032,0.4065777683,
0.0033,0.4142090218,
0.0034,0.421607885,
0.0035,0.428759558,
0.0036,0.4356482718,
0.0037,0.4422572075,
0.0038,0.4485689246,
0.0039,0.4545661634,
0.004,0.4602328321,
0.0041,0.4655549942,
0.0042,0.4705217135,
0.0043,0.4751256674,
0.0044,0.4793634927,
0.0045,0.4832358725,
0.0046,0.4867473994,
0.0047,0.4899062669,
0.0048,0.4927238435,
0.0049,0.4952141776,
0.005,0.4973934752,
0.0051,0.4992795779,
0.0052,0.5008914628,
0.0053,0.5022487768,
0.0054,0.5033714114,
0.0055,0.5042791236,
0.0056,0.5049912044,
0.0057,0.5055261955,
0.0058,0.5059016562,
0.0059,0.5061339788,
0.006,0.5062382529,
0.0061,0.5062281761,
0.0062,0.5061160076,
0.0063,0.5059125631,
0.0064,0.5056272435,
0.0065,0.5052680947,
0.0066,0.5048418921,
0.0067,0.5043542443,
0.0068,0.5038097112,
0.0069,0.5032119314,
0.007,0.5025637542,
0.0071,0.5018673724,
0.0072,0.5011244528,
0.0073,0.5003362602,
0.0074,0.4995037739,
0.0075,0.4986277944,
0.0076,0.4977090373,
0.0077,0.4967482162,
0.0078,0.4957461112,
0.0079,0.4947036252,
0.008,0.4936218253,
0.0081,0.4925019735,
0.0082,0.4913455434,
0.0083,0.4901542275,
0.0084,0.4889299329,
0.0085,0.4876747697,
0.0086,0.4863910313,
0.0087,0.4850811693,
0.008801,0.4837343193,
0.008901,0.4823798495,
0.009001,0.4810072742,
0.009101,0.4796193554,
0.009201,0.4782188462,
0.009301,0.4768084583,
0.009401,0.4753908319,
0.009501,0.4739685086,
0.009601,0.4725439084,
0.009701,0.4711193104,
0.009801,0.4696968381,
0.009901,0.4682784483,
0.010001,0.4668659255,
0.010101,0.4654608792,
0.010201,0.4640647456,
0.010301,0.4626787924,
0.010401,0.4613041273,
0.010501,0.4599417077,
0.010601,0.458592354,
0.010701,0.4572567633,
0.010801,0.4559355245,
0.010901,0.4546291342,
0.011001,0.4533380122,
0.011101,0.4520625172,
0.011201,0.4508029616,
0.011301,0.4495596253,
0.011401,0.4483327687,
0.011501,0.4471226434,
0.011601,0.4459295028,
0.011701,0.4447536096,
0.011801,0.4435952425,
0.011901,0.4424547015,
0.012001,0.4413323109,
0.012101,0.4402284211,
0.012201,0.4391434096,
0.012301,0.4380776803,
0.012401,0.4370316614,
0.012501,0.4360058032,
0.012601,0.4350005749,
0.012701,0.4340164609,
0.012801,0.4330539563,
0.012901,0.4321135629,
0.013001,0.4311957846,
0.013101,0.4303011235,
0.013201,0.4294300749,
0.013301,0.4285831245,
0.013401,0.4277607439,
0.013501,0.4269633878,
0.013601,0.4261914914,
0.013701,0.4254454679,
0.013801,0.4247257068,
0.013901,0.4240325722,
0.014001,0.4233664021,
0.014101,0.422727508,
0.014201,0.4221161738,
0.014301,0.4215326568,
0.014401,0.4209771876,
0.014501,0.4204499703,
0.014601,0.4199511836,
0.014701,0.4194809815,
0.014801,0.4190394938,
0.014901,0.4186268272,
0.015001,0.4182430659,
0.015101,0.4178882725,
0.015201,0.4175624888,
0.015301,0.417265736,
0.015401,0.4169980151,
0.015501,0.4167593079,
0.015601,0.4165495763,
0.015701,0.4163687629,
0.015801,0.4162167911,
0.015901,0.4160935643,
0.016001,0.4159989661,
0.016101,0.41593286,
0.016201,0.4158950888,
0.016301,0.4158854741,
0.016401,0.4159038161,
0.016501,0.415949893,
0.016601,0.4160234603,
0.016701,0.4161242508,
0.016801,0.4162519739,
0.016901,0.4164063153,
0.017001,0.4165869369,
0.017101,0.4167934764,
0.017201,0.4170255473,
0.017301,0.4172827392,
0.017401,0.4175646173,
0.017501,0.417870723,
0.017601,0.4182005741,
0.017701,0.418553665,
0.017801,0.4189294677,
0.017901,0.4193274316,
0.018001,0.4197469846,
0.018101,0.4201875338,
0.018201,0.420648466,
0.018301,0.4211291487,
0.018401,0.4216289309,
0.018501,0.4221471441,
0.018601,0.4226831028,
0.018701,0.4232361062,
0.018801,0.4238054383,
0.018901,0.4243903697,
0.019001,0.4249901577,
0.019101,0.4256040483,
0.019201,0.4262312763,
0.019301,0.4268710665,
0.019401,0.4275226351,
0.019501,0.4281851901,
0.019601,0.4288579325,
0.019701,0.4295400574,
0.019801,0.4302307543,
0.019901,0.4309292089,
0.020001,0.4316346032,
0.020101,0.4323461168,
0.020201,0.4330629279,
0.020301,0.4337842137,
0.020401,0.4345091515,
0.020501,0.43523692,
0.0206,0.4359593941,
0.0207,0.4366903592,
0.0208,0.4374217126,
0.0209,0.438152645,
0.021,0.4388823524,
0.0211,0.4396100368,
0.0212,0.4403349068,
0.0213,0.441056179,
0.0214,0.441773078,
0.0215,0.442484838,
0.0216,0.443190703,
0.0217,0.4438899278,
0.0218,0.4445817789,
0.0219,0.4452655351,
0.022,0.445940488,
0.0221,0.4466059432,
0.0222,0.4472612208,
0.0223,0.4479056558,
0.0224,0.4485385994,
0.0225,0.449159419,
0.0226,0.449767499,
0.0227,0.4503622418,
0.0228,0.4509430677,
0.0229,0.4515094161,
0.023,0.4520607455,
0.0231,0.4525965343,
0.0232,0.4531162811,
0.0233,0.4536195053,
0.0234,0.4541057474,
0.0235,0.4545745692,
0.0236,0.4550255547,
0.0237,0.4554583098,
0.0238,0.4558724629,
0.0239,0.456267665,
0.024,0.4566435905,
0.0241,0.4569999364,
0.0242,0.4573364233,
0.0243,0.4576527955,
0.0244,0.4579488204,
0.0245,0.4582242896,
0.0246,0.4584790182,
0.0247,0.4587128451,
0.0248,0.4589256332,
0.0249,0.459117269,
0.025,0.459287663,
0.0251,0.4594367491,
0.0252,0.4595644851,
0.0253,0.4596708522,
0.0254,0.4597558548,
0.0255,0.4598195207,
0.0256,0.4598619007,
0.0257,0.4598830681,
0.0258,0.4598831191,
0.0259,0.4598621719,
0.026,0.4598203669,
0.0261,0.459757866,
0.0262,0.4596748528,
0.0263,0.4595715315,
0.0264,0.4594481273,
0.0265,0.4593048853,
0.0266,0.4591420709,
0.0267,0.4589599686,
0.0268,0.4587588819,
0.0269,0.4585391329,
0.027,0.4583010618,
0.0271,0.4580450262,
0.0272,0.4577714008,
0.0273,0.4574805768,
0.0274,0.4571729613,
0.0275,0.4568489768,
0.0276,0.4565090608,
0.0277,0.4561536648,
0.0278,0.455783254,
0.0279,0.455398307,
0.028,0.4549993144,
0.0281,0.4545867789,
0.0282,0.4541612142,
0.0283,0.4537231449,
0.0284,0.4532731051,
0.0285,0.4528116385,
0.0286,0.4523392972,
0.0287,0.4518566415,
0.0288,0.4513642388,
0.0289,0.4508626631,
0.029,0.4503524947,
0.0291,0.4498343188,
0.0292,0.4493087255,
0.0293,0.4487763088,
0.0294,0.4482376661,
0.0295,0.4476933971,
0.0296,0.4471441039,
0.0297,0.4465903897,
0.0298,0.4460328584,
0.0299,0.4454721139,
0.03,0.4449087594,
0.0301,0.4443433969,
0.0302,0.4437766265,
0.0303,0.4432090456,
0.0304,0.4426412486,
0.0305,0.4420738261,
0.0306,0.4415073641,
0.0307,0.4409424439,
0.0308,0.440379641,
0.0309,0.4398195249,
0.031,0.4392626582,
0.0311,0.4387095964,
0.0312,0.438160887,
0.0313,0.4376170693,
0.0314,0.4370786736,
0.0315,0.4365462209,
0.0316,0.4360202224,
0.0317,0.4355011786,
0.0318,0.4349895796,
0.0319,0.4344859039,
0.032,0.4339906185,
0.0321,0.4335041781,
0.0322,0.433027025,
0.0323,0.4325595884,
0.0324,0.4321022844,
0.0325,0.4316555152,
0.0326,0.4312196692,
0.0327,0.4307951204,
0.0328,0.4303822281,
0.0329,0.4299813367,
0.033,0.4295927755,
0.0331,0.4292168582,
0.0332,0.428853883,
0.0333,0.428504132,
0.0334,0.4281678713,
0.0335,0.4278453506,
0.0336,0.4275368034,
0.0337,0.4272424464,
0.0338,0.4269624796,
0.0339,0.4266970861,
0.034,0.4264464323,
0.0341,0.4262106674,
0.0342,0.4259899236,
0.0343,0.4257843162,
0.0344,0.4255939431,
0.0345,0.4254188853,
0.0346,0.4252592067,
0.0347,0.4251149541,
0.0348,0.4249861574,
0.0349,0.4248728296,
0.035,0.4247749668,
0.0351,0.4246925484,
0.0352,0.4246255373,
0.0353,0.4245738799,
0.0354,0.4245375063,
0.0355,0.4245163306,
0.0356,0.4245102508,
0.0357,0.4245191494,
0.0358,0.4245428932,
0.0359,0.424581334,
0.036,0.4246343085,
0.0361,0.4247016386,
0.0362,0.4247831318,
0.0363,0.4248785815,
0.0364,0.4249877673,
0.0365,0.4251104552,
0.0366,0.425246398,
0.0367,0.4253953358,
0.0368,0.4255569961,
0.0369,0.4257310944,
0.037,0.4259173345,
0.0371,0.4261154087,
0.0372,0.4263249985,
0.0373,0.426545775,
0.0374,0.426777399,
0.0375,0.4270195219,
0.0376,0.4272717855,
0.0377,0.4275338231,
0.0378,0.4278052597,
0.0379,0.4280857123,
0.038,0.4283747905,
0.0381,0.4286720971,
0.0382,0.4289772282,
0.0383,0.4292897742,
0.0384,0.4296093199,
0.0385,0.4299354449,
0.0386,0.4302677246,
0.0387,0.4306057301,
0.0388,0.430949029,
0.0389,0.431297186,
0.039,0.431649763,
0.0391,0.4320063202,
0.0392,0.4323664158,
0.0393,0.4327296072,
0.0394,0.4330954511,
0.0395,0.4334635041,
0.0396,0.4338333232,
0.0397,0.4342044663,
0.0398,0.4345764926,
0.0399,0.434948963,
0.04,0.4353214408,
0.0401,0.435693492,
0.0402,0.4360646859,
0.0403,0.4364345951,
0.0404,0.4368027967,
0.0405,0.437168872,
0.0406,0.4375324076,
0.0407,0.437892995,
0.0408,0.4382502319,
0.0409,0.4386037219,
0.041,0.4389530753,
0.0411,0.4392979094,
0.0412,0.4396378487,
0.0413,0.4399725254,
0.0414,0.4403015799,
0.0415,0.4406246609,
0.0416,0.4409414256,
0.0417,0.4412515405,
0.0418,0.4415546815,
0.0419,0.4418505337,
0.042,0.4421387925,
0.0421,0.4424191633,
0.0422,0.442691362,
0.0423,0.4429551151,
0.0424,0.44321016,
0.0425,0.4434562453,
0.0426,0.4436931307,
0.0427,0.4439205876,
0.0428,0.444138399,
0.0429,0.4443463597,
0.043,0.4445442764,
0.0431,0.444731968,
0.0432,0.4449092657,
0.0433,0.4450760128,
0.0434,0.445232065,
0.0435,0.4453772908,
0.0436,0.4455115708,
0.0437,0.4456347985,
0.0438,0.4457468798,
0.0439,0.4458477333,
0.044,0.4459372904,
0.0441,0.4460154948,
0.0442,0.446082303,
0.0443,0.4461376839,
0.0444,0.4461816191,
0.0445,0.4462141024,
0.0446,0.4462351403,
0.0447,0.446244751,
0.0448,0.4462429655,
0.0449,0.4462298263,
0.045,0.4462053882,
0.0451,0.4461697175,
0.0452,0.4461228923,
0.0453,0.4460650021,
0.0454,0.4459961475,
0.0455,0.4459164405,
0.0456,0.4458260038,
0.0457,0.4457249708,
0.0458,0.4456134854,
0.0459,0.4454917016,
0.046,0.4453597837,
0.0461,0.4452179055,
0.0462,0.4450662503,
0.0463,0.4449050108,
0.0464,0.4447343885,
0.0465,0.4445545937,
0.0466,0.4443658451,
0.0467,0.4441683694,
0.0468,0.4439624012,
0.0469,0.4437481824,
0.047,0.4435259625,
0.0471,0.4432959974,
0.0472,0.4430585499,
0.0473,0.4428138889,
0.0474,0.442562289,
0.0475,0.4423040307,
0.0476,0.4420393994,
0.0477,0.4417686855,
0.0478,0.441492184,
0.0479,0.4412101941,
0.048,0.4409230185,
0.0481,0.4406309638,
0.0482,0.4403343395,
0.0483,0.4400334578,
0.0484,0.4397286336,
0.0485,0.4394201837,
0.0486,0.4391084265,
0.0487,0.438793682,
0.0488,0.438476271,
0.0489,0.4381565151,
0.049,0.4378347363,
0.0491,0.4375112563,
0.0492,0.4371863966,
0.0493,0.436860478,
0.0494,0.4365338203,
0.0495,0.4362067416,
0.0496,0.4358795587,
0.0497,0.4355525861,
0.0498,0.4352261361,
0.0499,0.4349005181,
0.05,0.4345760388,
0.0501,0.4342530013,
0.0502,0.4339317054,
0.0503,0.4336124468,
0.0504,0.4332955171,
0.0505,0.4329812034,
0.0506,0.4326697882,
0.0507,0.4323615487,
0.0508,0.4320567573,
0.0509,0.4317556803,
0.051,0.4314585787,
0.0511,0.4311657074,
0.0512,0.4308773149,
0.0513,0.4305936433,
0.0514,0.4303149281,
0.0515,0.430041398,
0.0516,0.4297732743,
0.0517,0.4295107715,
0.0518,0.4292540961,
0.0519,0.4290034475,
0.052,0.4287590171,
0.0521,0.4285209883,
0.0522,0.4282895365,
0.0523,0.4280648289,
0.0524,0.4278470244,
0.0525,0.4276362735,
0.0526,0.4274327179,
0.0527,0.427236491,
0.0528,0.4270477173,
0.0529,0.4268665124,
0.053,0.4266929832,
0.0531,0.4265272277,
0.0532,0.4263693346,
0.0533,0.4262193841,
0.0534,0.4260774469,
0.0535,0.425943585,
0.0536,0.425817851,
0.0537,0.4257002889,
0.0538,0.4255909331,
0.0539,0.4254898095,
0.054,0.4253969346,
0.0541,0.4253123162,
0.0542,0.4252359532,
0.0543,0.4251678354,
0.0544,0.4251079442,
0.0545,0.4250562519,
0.0546,0.4250127226,
0.0547,0.4249773114,
0.0548,0.4249499655,
0.0549,0.4249306234,
0.055,0.4249192155,
0.0551,0.4249156643,
0.0552,0.4249198842,
0.0553,0.4249317818,
0.0554,0.4249512563,
0.0555,0.424978199,
0.0556,0.4250124944,
0.0557,0.4250540193,
0.0558,0.425102644,
0.0559,0.4251582316,
0.056,0.4252206391,
0.0561,0.4252897166,
0.0562,0.4253653082,
0.0563,0.4254472521,
0.0564,0.4255353806,
0.0565,0.4256295204,
0.0566,0.4257294928,
0.0567,0.4258351143,
0.0568,0.4259461961,
0.0569,0.4260625449,
0.057,0.426183963,
0.0571,0.4263102485,
0.0572,0.4264411956,
0.0573,0.4265765946,
0.0574,0.4267162325,
0.0575,0.4268598931,
0.0576,0.4270073573,
0.0577,0.4271584032,
0.0578,0.4273128063,
0.0579,0.4274703403,
0.058,0.4276307767,
0.0581,0.4277938854,
0.0582,0.4279594347,
0.0583,0.428127192,
0.0584,0.4282969238,
0.0585,0.4284683957,
0.0586,0.428641373,
0.0587,0.428815621,
0.0588,0.428990905,
0.0589,0.4291669906,
0.059,0.4293436441,
0.0591,0.4295206326,
0.0592,0.4296977244,
0.0593,0.429874689,
0.0594,0.4300512976,
0.0595,0.4302273231,
0.0596,0.4304025405,
0.0597,0.4305767271,
0.0598,0.4307496626,
0.0599,0.4309211294,
0.06,0.4310909131,
0.0601,0.4312588021,
0.0602,0.4314245884,
0.0603,0.4315880672,
0.0604,0.4317490379,
0.0605,0.4319073034,
0.0606,0.432062671,
0.0607,0.4322149523,
0.0608,0.4323639631,
0.0609,0.4325095242,
0.061,0.4326514608,
0.0611,0.4327896034,
0.0612,0.4329237874,
0.0613,0.4330538535,
0.0614,0.4331796479,
0.0615,0.433301022,
0.0616,0.4334178331,
0.0617,0.4335299442,
0.0618,0.4336372241,
0.0619,0.4337395476,
0.062,0.4338367954,
0.0621,0.4339288545,
0.0622,0.4340156182,
0.0623,0.4340969858,
0.0624,0.4341728632,
0.0625,0.4342431626,
0.0626,0.4343078026,
0.0627,0.4343667086,
0.0628,0.4344198121,
0.0629,0.4344670516,
0.063,0.4345083719,
0.0631,0.4345437246,
0.0632,0.4345730677,
0.0633,0.434596366,
0.0634,0.4346135908,
0.0635,0.4346247202,
0.0636,0.4346297386,
0.0637,0.434628637,
0.0638,0.4346214132,
0.0639,0.434608071,
0.064,0.4345886211,
0.0641,0.4345630802,
0.0642,0.4345314715,
0.0643,0.4344938244,
0.0644,0.4344501745,
0.0645,0.4344005633,
0.0646,0.4343450387,
0.0647,0.4342836541,
0.0648,0.434216469,
0.0649,0.4341435484,
0.065,0.4340649631,
0.0651,0.4339807893,
0.0652,0.4338911085,
0.0653,0.4337960076,
0.0654,0.4336955786,
0.0655,0.4335899184,
0.0656,0.4334791289,
0.0657,0.4333633166,
0.0658,0.4332425926,
0.0659,0.4331170725,
0.066,0.4329868761,
0.0661,0.4328521273,
0.0662,0.432712954,
0.0663,0.432569488,
0.0664,0.4324218645,
0.0665,0.4322702225,
0.0666,0.4321147039,
0.0667,0.431955454,
0.0668,0.431792621,
0.0669,0.4316263559,
0.067,0.4314568122,
0.0671,0.4312841459,
0.0672,0.4311085152,
0.0673,0.4309300805,
0.0674,0.4307490038,
0.0675,0.430565449,
0.0676,0.4303795815,
0.0677,0.430191568,
0.0678,0.4300015763,
0.0679,0.4298097751,
0.068,0.4296163341,
0.0681,0.4294214234,
0.0682,0.4292252136,
0.0683,0.4290278754,
0.0684,0.4288295797,
0.0685,0.4286304973,
0.0686,0.4284307984,
0.0687,0.428230653,
0.0688,0.4280302304,
0.0689,0.427829699,
0.069,0.4276292262,
0.0691,0.4274289781,
0.0692,0.4272291198,
0.0693,0.4270298146,
0.0694,0.4268312242,
0.0695,0.4266335085,
0.0696,0.4264368255,
0.0697,0.4262413309,
0.0698,0.4260471782,
0.0699,0.4258545187,
0.07,0.4256635007,
0.0701,0.42547427,
0.0702,0.4252869698,
0.0703,0.4251017399,
0.0704,0.4249187174,
0.0705,0.4247380358,
0.0706,0.4245598255,
0.0707,0.4243842135,
0.0708,0.424211323,
0.0709,0.4240412738,
0.071,0.4238741818,
0.0711,0.4237101589,
0.0712,0.4235493133,
0.0713,0.4233917489,
0.0714,0.4232375658,
0.0715,0.4230868596,
0.0716,0.4229397217,
0.0717,0.4227962392,
0.0718,0.4226564948,
0.0719,0.4225205667,
0.072,0.4223885286,
0.0721,0.4222604496,
0.0722,0.4221363942,
0.0723,0.4220164224,
0.0724,0.4219005893,
0.0725,0.4217889454,
0.0726,0.4216815364,
0.0727,0.4215784035,
0.0728,0.4214795828,
0.0729,0.4213851058,
0.073,0.4212949994,
0.0731,0.4212092854,
0.0732,0.4211279811,
0.0733,0.4210510989,
0.0734,0.4209786466,
0.0735,0.4209106272,
0.0736,0.4208470391,
0.0737,0.420787876,
0.0738,0.4207331269,
0.0739,0.4206827766,
0.074,0.4206368048,
0.0741,0.4205951872,
0.0742,0.420557895,
0.0743,0.4205248948,
0.0744,0.4204961491,
0.0745,0.4204716161,
0.0746,0.4204512499,
0.0747,0.4204350006,
0.0748,0.4204228139,
0.0749,0.4204146321,
0.075,0.4204103932,
0.0751,0.4204100317,
0.0752,0.4204134784,
0.0753,0.4204206605,
0.0754,0.4204315018,
0.0755,0.4204459225,
0.0756,0.42046384,
0.0757,0.420485168,
0.0758,0.4205098175,
0.0759,0.4205376965,
0.076,0.4205687102,
0.0761,0.420602761,
0.0762,0.4206397488,
0.0763,0.420679571,
0.0764,0.4207221227,
0.0765,0.4207672967,
0.0766,0.4208149839,
0.0767,0.420865073,
0.0768,0.4209174511,
0.0769,0.4209720033,
0.077,0.4210286133,
0.0771,0.4210871635,
0.0772,0.4211475348,
0.0773,0.4212096069,
0.0774,0.4212732585,
0.0775,0.4213383675,
0.0776,0.4214048108,
0.0777,0.4214724648,
0.0778,0.4215412055,
0.0779,0.4216109082,
0.078,0.4216814483,
0.0781,0.4217527008,
0.0782,0.4218245408,
0.0783,0.4218968436,
0.0784,0.4219694848,
0.0785,0.4220423404,
0.0786,0.4221152866,
0.0787,0.4221882008,
0.0788,0.4222609608,
0.0789,0.4223334454,
0.079,0.4224055345,
0.0791,0.4224771089,
0.0792,0.4225480508,
0.0793,0.422618244,
0.0794,0.4226875734,
0.0795,0.4227559257,
0.0796,0.4228231892,
0.0797,0.4228892541,
0.0798,0.4229540126,
0.0799,0.4230173585,
0.08,0.4230791883,
0.0801,0.4231394001,
0.0802,0.4231978948,
0.0803,0.4232545753,
0.0804,0.4233093473,
0.0805,0.4233621187,
0.0806,0.4234128003,
0.0807,0.4234613055,
0.0808,0.4235075504,
0.0809,0.4235514543,
0.081,0.4235929388,
0.0811,0.4236319291,
0.0812,0.4236683531,
0.0813,0.4237021417,
0.0814,0.4237332293,
0.0815,0.4237615532,
0.0816,0.423787054,
0.0817,0.4238096757,
0.0818,0.4238293653,
0.0819,0.4238460736,
0.082,0.4238597544,
0.0821,0.4238703651,
0.0822,0.4238778665,
0.0823,0.4238822227,
0.0824,0.4238834014,
0.0825,0.4238813739,
0.0826,0.4238761147,
0.0827,0.4238676019,
0.0828,0.4238558172,
0.0829,0.4238407455,
0.083,0.4238223756,
0.0831,0.4238006994,
0.0832,0.4237757123,
0.0833,0.4237474133,
0.0834,0.4237158047,
0.0835,0.4236808923,
0.0836,0.423642685,
0.0837,0.4236011953,
0.0838,0.423556439,
0.0839,0.4235084349,
0.084,0.4234572052,
0.0841,0.4234027754,
0.0842,0.4233451738,
0.0843,0.4232844322,
0.0844,0.423220585,
0.0845,0.4231536699,
0.0846,0.4230837274,
0.0847,0.4230108009,
0.0848,0.4229349364,
0.0849,0.4228561829,
0.085,0.4227745919,
0.0851,0.4226902176,
0.0852,0.4226031166,
0.0853,0.422513348,
0.0854,0.4224209734,
0.0855,0.4223260565,
0.0856,0.4222286632,
0.0857,0.4221288618,
0.0858,0.4220267224,
0.0859,0.421922317,
0.086,0.4218157198,
0.0861,0.4217070066,
0.0862,0.4215962548,
0.0863,0.4214835435,
0.0864,0.4213689534,
0.0865,0.4212525666,
0.0866,0.4211344665,
0.0867,0.4210147377,
0.0868,0.420893466,
0.0869,0.4207707382,
0.087,0.4206466422,
0.0871,0.4205212666,
0.0872,0.4203947009,
0.0873,0.4202670352,
0.0874,0.4201383601,
0.0875,0.4200087668,
0.0876,0.4198783469,
0.0877,0.4197471922,
0.0878,0.4196153946,
0.0879,0.4194830464,
0.088,0.4193502396,
0.0881,0.4192170663,
0.0882,0.4190836182,
0.0883,0.4189499871,
0.0884,0.418816264,
0.0885,0.4186825397,
0.0886,0.4185489044,
0.0887,0.4184154477,
0.0888,0.4182822583,
0.0889,0.4181494244,
0.089,0.418017033,
0.0891,0.4178851702,
0.0892,0.4177539213,
0.0893,0.41762337,
0.0894,0.4174935992,
0.0895,0.4173646903,
0.0896,0.4172367233,
0.0897,0.4171097769,
0.0898,0.4169839283,
0.0899,0.4168592529,
0.09,0.4167358246,
0.0901,0.4166137156,
0.0902,0.4164929964,
0.0903,0.4163737354,
0.0904,0.4162559993,
0.0905,0.4161398529,
0.0906,0.4160253589,
0.0907,0.4159125779,
0.0908,0.4158015685,
0.0909,0.415692387,
0.091,0.4155850877,
0.0911,0.4154797226,
0.0912,0.4153763413,
0.0913,0.4152749911,
0.0914,0.4151757172,
0.0915,0.4150785621,
0.0916,0.4149835661,
0.0917,0.4148907671,
0.0918,0.4148002002,
0.0919,0.4147118985,
0.092,0.4146258923,
0.0921,0.4145422094,
0.0922,0.4144608751,
0.0923,0.4143819123,
0.0924,0.4143053412,
0.0925,0.4142311795,
0.0926,0.4141594423,
0.0927,0.4140901423,
0.0928,0.4140232893,
0.0929,0.413958891,
0.093,0.4138969523,
0.0931,0.4138374757,
0.0932,0.4137804609,
0.0933,0.4137259055,
0.0934,0.4136738043,
0.0935,0.4136241498,
0.0936,0.413576932,
0.0937,0.4135321386,
0.0938,0.4134897547,
0.0939,0.4134497631,
0.094,0.4134121445,
0.0941,0.4133768769,
0.0942,0.4133439364,
0.0943,0.4133132967,
0.0944,0.4132849294,
0.0945,0.4132588038,
0.0946,0.4132348872,
0.0947,0.413213145,
0.0948,0.4131935403,
0.0949,0.4131760344,
0.095,0.4131605868,
0.0951,0.4131471549,
0.0952,0.4131356945,
0.0953,0.4131261596,
0.0954,0.4131185023,
0.0955,0.4131126734,
0.0956,0.413108622,
0.0957,0.4131062957,
0.0958,0.4131056404,
0.0959,0.4131066011,
0.096,0.413109121,
0.0961,0.4131131424,
0.0962,0.4131186061,
0.0963,0.4131254521,
0.0964,0.4131336191,
0.0965,0.4131430448,
0.0966,0.4131536662,
0.0967,0.4131654192,
0.0968,0.413178239,
0.0969,0.4131920601,
0.097,0.4132068165,
0.0971,0.4132224413,
0.0972,0.4132388675,
0.0973,0.4132560272,
0.0974,0.4132738525,
0.0975,0.4132922752,
0.0976,0.4133112266,
0.0977,0.4133306381,
0.0978,0.413350441,
0.0979,0.4133705664,
0.098,0.4133909458,
0.0981,0.4134115104,
0.0982,0.413432192,
0.0983,0.4134529224,
0.0984,0.4134736339,
0.0985,0.413494259,
0.0986,0.4135147308,
0.0987,0.413534983,
0.0988,0.4135549497,
0.0989,0.4135745658,
0.099,0.4135937669,
0.0991,0.4136124894,
0.0992,0.4136306703,
0.0993,0.4136482479,
0.0994,0.4136651612,
0.0995,0.4136813501,
0.0996,0.4136967559,
0.0997,0.4137113208,
0.0998,0.4137249881,
0.0999,0.4137377025,
0.1,0.4137494099,
0.1001,0.4137600576,
0.1002,0.413769594,
0.1003,0.4137779691,
0.1004,0.4137851345,
0.1005,0.413791043,
0.1006,0.413795649,
0.1007,0.4137989086,
0.1008,0.4138007794,
0.1009,0.4138012206,
0.101,0.4138001931,
0.1011,0.4137976596,
0.1012,0.4137935844,
0.1013,0.4137879336,
0.1014,0.4137806751,
0.1015,0.4137717784,
0.1016,0.4137612152,
0.1017,0.4137489587,
0.1018,0.413734984,
0.1019,0.4137192683,
0.102,0.4137017905,
0.1021,0.4136825313,
0.1022,0.4136614734,
0.1023,0.4136386016,
0.1024,0.4136139023,
0.1025,0.413587364,
0.1026,0.413558977,
0.1027,0.4135287337,
0.1028,0.4134966282,
0.1029,0.4134626566,
0.103,0.413426817,
0.1031,0.4133891093,
0.1032,0.4133495352,
0.1033,0.4133080983,
0.1034,0.4132648043,
0.1035,0.4132196605,
0.1036,0.413172676,
0.1037,0.4131238618,
0.1038,0.4130732308,
0.1039,0.4130207975,
0.104,0.4129665781,
0.1041,0.4129105906,
0.1042,0.4128528547,
0.1043,0.4127933918,
0.1044,0.4127322249,
0.1045,0.4126693784,
0.1046,0.4126048785,
0.1047,0.412538753,
0.1048,0.4124710308,
0.1049,0.4124017427,
0.105,0.4123309206,
0.1051,0.4122585981,
0.1052,0.4121848097,
0.1053,0.4121095916,
0.1054,0.4120329811,
0.1055,0.4119550166,
0.1056,0.4118757379,
0.1057,0.4117951857,
0.1058,0.4117134019,
0.1059,0.4116304295,
0.106,0.4115463123,
0.1061,0.4114610951,
0.1062,0.4113748236,
0.1063,0.4112875443,
0.1064,0.4111993046,
0.1065,0.4111101525,
0.1066,0.4110201367,
0.1067,0.4109293065,
0.1068,0.4108377119,
0.1069,0.4107454034,
0.107,0.4106524318,
0.1071,0.4105588485,
0.1072,0.4104647051,
0.1073,0.4103700538,
0.1074,0.4102749467,
0.1075,0.4101794365,
0.1076,0.4100835755,
0.1077,0.4099874168,
0.1078,0.4098910129,
0.1079,0.4097944167,
0.108,0.409697681,
0.1081,0.4096008582,
0.1082,0.409504001,
0.1083,0.4094071615,
0.1084,0.4093103917,
0.1085,0.4092137433,
0.1086,0.4091172676,
0.1087,0.4090210155,
0.1088,0.4089250375,
0.1089,0.4088293835,
0.109,0.4087341029,
0.1091,0.4086392445,
0.1092,0.4085448565,
0.1093,0.4084509863,
0.1094,0.4083576806,
0.1095,0.4082649856,
0.1096,0.4081729462,
0.1097,0.4080816068,
0.1098,0.4079910109,
0.1099,0.4079012008,
0.11,0.4078122181,
0.1101,0.4077241034,
0.1102,0.407636896,
0.1103,0.4075506344,
0.1104,0.4074653559,
0.1105,0.4073810966,
0.1106,0.4072978914,
0.1107,0.4072157743,
0.1108,0.4071347777,
0.1109,0.407054933,
0.111,0.4069762702,
0.1111,0.4068988181,
0.1112,0.4068226041,
0.1113,0.4067476543,
0.1114,0.4066739934,
0.1115,0.4066016448,
0.1116,0.4065306304,
0.1117,0.4064609708,
0.1118,0.4063926852,
0.1119,0.4063257912,
0.112,0.4062603051,
0.1121,0.4061962418,
0.1122,0.4061336145,
0.1123,0.4060724351,
0.1124,0.4060127141,
0.1125,0.4059544604,
0.1126,0.4058976815,
0.1127,0.4058423833,
0.1128,0.4057885704,
0.1129,0.4057362458,
0.113,0.4056854111,
0.1131,0.4056360664,
0.1132,0.4055882104,
0.1133,0.4055418402,
0.1134,0.4054969517,
0.1135,0.4054535392,
0.1136,0.4054115957,
0.1137,0.4053711126,
0.1138,0.4053320801,
0.1139,0.405294487,
0.114,0.4052583208,
0.1141,0.4052235675,
0.1142,0.4051902118,
0.1143,0.4051582374,
0.1144,0.4051276263,
0.1145,0.4050983597,
0.1146,0.4050704171,
0.1147,0.4050437773,
0.1148,0.4050184175,
0.1149,0.4049943141,
0.115,0.4049714421,
0.1151,0.4049497756,
0.1152,0.4049292875,
0.1153,0.40490995,
0.1154,0.4048917339,
0.1155,0.4048746093,
0.1156,0.4048585453,
0.1157,0.40484351,
0.1158,0.404829471,
0.1159,0.4048163947,
0.116,0.4048042469,
0.1161,0.4047929926,
0.1162,0.4047825962,
0.1163,0.4047730213,
0.1164,0.404764231,
0.1165,0.4047561877,
0.1166,0.4047488533,
0.1167,0.4047421892,
0.1168,0.4047361563,
0.1169,0.4047307152,
0.117,0.4047258259,
0.1171,0.4047214481,
0.1172,0.4047175415,
0.1173,0.4047140651,
0.1174,0.4047109779,
0.1175,0.4047082388,
0.1176,0.4047058064,
0.1177,0.4047036393,
0.1178,0.4047016959,
0.1179,0.4046999348,
0.118,0.4046983145,
0.1181,0.4046967935,
0.1182,0.4046953306,
0.1183,0.4046938847,
0.1184,0.4046924147,
0.1185,0.4046908799,
0.1186,0.4046892398,
0.1187,0.4046874542,
0.1188,0.4046854834,
0.1189,0.4046832879,
0.119,0.4046808287,
0.1191,0.4046780671,
0.1192,0.4046749652,
0.1193,0.4046714853,
0.1194,0.4046675905,
0.1195,0.4046632444,
0.1196,0.4046584111,
0.1197,0.4046530557,
0.1198,0.4046471436,
0.1199,0.4046406413,
0.12,0.4046335157,
0.1201,0.4046257348,
0.1202,0.4046172671,
0.1203,0.4046080822,
0.1204,0.4045981504,
0.1205,0.4045874431,
0.1206,0.4045759323,
0.1207,0.4045635912,
0.1208,0.4045503939,
0.1209,0.4045363154,
0.121,0.4045213318,
0.1211,0.4045054202,
0.1212,0.4044885587,
0.1213,0.4044707264,
0.1214,0.4044519038,
0.1215,0.404432072,
0.1216,0.4044112137,
0.1217,0.4043893122,
0.1218,0.4043663524,
0.1219,0.4043423201,
0.122,0.4043172023,
0.1221,0.4042909871,
0.1222,0.4042636638,
0.1223,0.404235223,
0.1224,0.4042056562,
0.1225,0.4041749563,
0.1226,0.4041431173,
0.1227,0.4041101344,
0.1228,0.404076004,
0.1229,0.4040407236,
0.123,0.4040042919,
0.1231,0.4039667089,
0.1232,0.4039279756,
0.1233,0.4038880943,
0.1234,0.4038470684,
0.1235,0.4038049023,
0.1236,0.4037616019,
0.1237,0.4037171738,
0.1238,0.4036716261,
0.1239,0.4036249678,
0.124,0.403577209,
0.1241,0.4035283609,
0.1242,0.4034784358,
0.1243,0.403427447,
0.1244,0.403375409,
0.1245,0.403322337,
0.1246,0.4032682475,
0.1247,0.4032131577,
0.1248,0.403157086,
0.1249,0.4031000517,
0.125,0.4030420747,
0.1251,0.4029831763,
0.1252,0.4029233782,
0.1253,0.4028627032,
0.1254,0.4028011749,
0.1255,0.4027388175,
0.1256,0.4026756562,
0.1257,0.4026117167,
0.1258,0.4025470256,
0.1259,0.4024816102,
0.126,0.4024154982,
0.1261,0.402348718,
0.1262,0.4022812989,
0.1263,0.4022132703,
0.1264,0.4021446625,
0.1265,0.402075506,
0.1266,0.4020058319,
0.1267,0.4019356717,
0.1268,0.4018650575,
0.1269,0.4017940214,
0.127,0.4017225961,
0.1271,0.4016508144,
0.1272,0.4015787097,
0.1273,0.4015063153,
0.1274,0.4014336647,
0.1275,0.4013607919,
0.1276,0.4012877306,
0.1277,0.401214515,
0.1278,0.4011411791,
0.1279,0.4010677569,
0.128,0.4009942827,
0.1281,0.4009207904,
0.1282,0.4008473141,
0.1283,0.4007738877,
0.1284,0.4007005449,
0.1285,0.4006273193,
0.1286,0.4005542444,
0.1287,0.4004813533,
0.1288,0.4004086788,
0.1289,0.4003362537,
0.129,0.4002641102,
0.1291,0.4001922802,
0.1292,0.4001207953,
0.1293,0.4000496866,
0.1294,0.3999789847,
0.1295,0.39990872,
0.1296,0.3998389221,
0.1297,0.3997696202,
0.1298,0.3997008429,
0.1299,0.3996326184,
0.13,0.399564974,
0.1301,0.3994979365,
0.1302,0.3994315322,
0.1303,0.3993657865,
0.1304,0.3993007243,
0.1305,0.3992363694,
0.1306,0.3991727454,
0.1307,0.3991098748,
0.1308,0.3990477793,
0.1309,0.3989864799,
0.131,0.3989259967,
0.1311,0.3988663492,
0.1312,0.3988075557,
0.1313,0.3987496339,
0.1314,0.3986926005,
0.1315,0.3986364713,
0.1316,0.3985812613,
0.1317,0.3985269844,
0.1318,0.3984736537,
0.1319,0.3984212814,
0.132,0.3983698786,
0.1321,0.3983194556,
0.1322,0.3982700217,
0.1323,0.3982215851,
0.1324,0.3981741532,
0.1325,0.3981277324,
0.1326,0.3980823279,
0.1327,0.3980379443,
0.1328,0.397994585,
0.1329,0.3979522522,
0.133,0.3979109476,
0.1331,0.3978706716,
0.1332,0.3978314237,
0.1333,0.3977932023,
0.1334,0.3977560051,
0.1335,0.3977198287,
0.1336,0.3976846686,
0.1337,0.3976505196,
0.1338,0.3976173754,
0.1339,0.3975852288,
0.134,0.3975540717,
0.1341,0.3975238952,
0.1342,0.3974946893,
0.1343,0.3974664431,
0.1344,0.3974391451,
0.1345,0.3974127827,
0.1346,0.3973873426,
0.1347,0.3973628105,
0.1348,0.3973391714,
0.1349,0.3973164097,
0.135,0.3972945086,
0.1351,0.3972734509,
0.1352,0.3972532185,
0.1353,0.3972337927,
0.1354,0.3972151539,
0.1355,0.3971972821,
0.1356,0.3971801565,
0.1357,0.3971637556,
0.1358,0.3971480575,
0.1359,0.3971330395,
0.136,0.3971186784,
0.1361,0.3971049507,
0.1362,0.397091832,
0.1363,0.3970792977,
0.1364,0.3970673227,
0.1365,0.3970558814,
0.1366,0.3970449479,
0.1367,0.3970344957,
0.1368,0.3970244983,
0.1369,0.3970149285,
0.137,0.3970057592,
0.1371,0.3969969627,
0.1372,0.3969885111,
0.1373,0.3969803766,
0.1374,0.3969725309,
0.1375,0.3969649456,
0.1376,0.3969575923,
0.1377,0.3969504424,
0.1378,0.3969434673,
0.1379,0.3969366383,
0.138,0.3969299267,
0.1381,0.3969233039,
0.1382,0.3969167412,
0.1383,0.3969102101,
0.1384,0.3969036822,
0.1385,0.3968971291,
0.1386,0.3968905227,
0.1387,0.3968838351,
0.1388,0.3968770385,
0.1389,0.3968701054,
0.139,0.3968630085,
0.1391,0.396855721,
0.1392,0.3968482162,
0.1393,0.3968404677,
0.1394,0.3968324498,
0.1395,0.3968241369,
0.1396,0.3968155038,
0.1397,0.396806526,
0.1398,0.3967971792,
0.1399,0.3967874397,
0.14,0.3967772844,
0.1401,0.3967666906,
0.1402,0.3967556361,
0.1403,0.3967440995,
0.1404,0.3967320597,
0.1405,0.3967194965,
0.1406,0.3967063902,
0.1407,0.3966927216,
0.1408,0.3966784725,
0.1409,0.3966636251,
0.141,0.3966481623,
0.1411,0.396632068,
0.1412,0.3966153264,
0.1413,0.3965979229,
0.1414,0.3965798432,
0.1415,0.3965610741,
0.1416,0.3965416031,
0.1417,0.3965214183,
0.1418,0.3965005088,
0.1419,0.3964788645,
0.142,0.396456476,
0.1421,0.3964333347,
0.1422,0.396409433,
0.1423,0.396384764,
0.1424,0.3963593216,
0.1425,0.3963331006,
0.1426,0.3963060967,
0.1427,0.3962783064,
0.1428,0.3962497269,
0.1429,0.3962203565,
0.143,0.3961901941,
0.1431,0.3961592397,
0.1432,0.3961274938,
0.1433,0.396094958,
0.1434,0.3960616348,
0.1435,0.3960275273,
0.1436,0.3959926394,
0.1437,0.3959569762,
0.1438,0.3959205431,
0.1439,0.3958833467,
0.144,0.3958453942,
0.1441,0.3958066936,
0.1442,0.3957672538,
0.1443,0.3957270842,
0.1444,0.3956861953,
0.1445,0.3956445982,
0.1446,0.3956023044,
0.1447,0.3955593267,
0.1448,0.3955156782,
0.1449,0.3954713728,
0.145,0.3954264251,
0.1451,0.3953808502,
0.1452,0.395334664,
0.1453,0.395287883,
0.1454,0.3952405242,
0.1455,0.3951926054,
0.1456,0.3951441447,
0.1457,0.3950951608,
0.1458,0.3950456731,
0.1459,0.3949957014,
0.146,0.3949452659,
0.1461,0.3948943873,
0.1462,0.3948430868,
0.1463,0.394791386,
0.1464,0.394739307,
0.1465,0.3946868719,
0.1466,0.3946341036,
0.1467,0.394581025,
0.1468,0.3945276595,
0.1469,0.3944740308,
0.147,0.3944201625,
0.1471,0.3943660789,
0.1472,0.3943118043,
0.1473,0.394257363,
0.1474,0.3942027798,
0.1475,0.3941480794,
0.1476,0.3940932867,
0.1477,0.3940384265,
0.1478,0.393983524,
0.1479,0.393928604,
0.148,0.3938736918,
0.1481,0.3938188122,
0.1482,0.3937639903,
0.1483,0.393709251,
0.1484,0.3936546191,
0.1485,0.3936001192,
0.1486,0.3935457759,
0.1487,0.3934916136,
0.1488,0.3934376566,
0.1489,0.3933839287,
0.149,0.3933304537,
0.1491,0.3932772552,
0.1492,0.3932243563,
0.1493,0.3931717799,
0.1494,0.3931195485,
0.1495,0.3930676845,
0.1496,0.3930162097,
0.1497,0.3929651454,
0.1498,0.3929145129,
0.1499,0.3928643326,
0.15,0.3928146248,
0.1501,0.3927654091,
0.1502,0.3927167049,
0.1503,0.3926685307,
0.1504,0.3926209048,
0.1505,0.3925738448,
0.1506,0.3925273679,
0.1507,0.3924814904,
0.1508,0.3924362284,
0.1509,0.3923915972,
0.151,0.3923476115,
0.1511,0.3923042854,
0.1512,0.3922616323,
0.1513,0.3922196651,
0.1514,0.3921783958,
0.1515,0.3921378359,
0.1516,0.3920979963,
0.1517,0.3920588869,
0.1518,0.3920205172,
0.1519,0.3919828958,
0.152,0.3919460307,
0.1521,0.3919099291,
0.1522,0.3918745976,
0.1523,0.3918400418,
0.1524,0.391806267,
0.1525,0.3917732773,
0.1526,0.3917410763,
0.1527,0.3917096668,
0.1528,0.391679051,
0.1529,0.3916492301,
0.153,0.3916202048,
0.1531,0.3915919748,
0.1532,0.3915645393,
0.1533,0.3915378967,
0.1534,0.3915120445,
0.1535,0.3914869798,
0.1536,0.3914626986,
0.1537,0.3914391965,
0.1538,0.3914164681,
0.1539,0.3913945075,
0.154,0.3913733081,
0.1541,0.3913528625,
0.1542,0.3913331627,
0.1543,0.3913142,
0.1544,0.3912959651,
0.1545,0.3912784478,
0.1546,0.3912616376,
0.1547,0.3912455232,
0.1548,0.3912300928,
0.1549,0.3912153337,
0.155,0.3912012331,
0.1551,0.3911877771,
0.1552,0.3911749517,
0.1553,0.3911627421,
0.1554,0.391151133,
0.1555,0.3911401087,
0.1556,0.3911296529,
0.1557,0.3911197488,
0.1558,0.3911103794,
0.1559,0.391101527,
0.156,0.3910931735,
0.1561,0.3910853005,
0.1562,0.3910778892,
0.1563,0.3910709205,
0.1564,0.3910643747,
0.1565,0.3910582322,
0.1566,0.3910524727,
0.1567,0.3910470758,
0.1568,0.391042021,
0.1569,0.3910372873,
0.157,0.3910328536,
0.1571,0.3910286986,
0.1572,0.3910248009,
0.1573,0.3910211388,
0.1574,0.3910176906,
0.1575,0.3910144346,
0.1576,0.3910113487,
0.1577,0.391008411,
0.1578,0.3910055995,
0.1579,0.3910028922,
0.158,0.3910002671,
0.1581,0.3909977022,
0.1582,0.3909951755,
0.1583,0.3909926653,
0.1584,0.3909901498,
0.1585,0.3909876074,
0.1586,0.3909850165,
0.1587,0.3909823559,
0.1588,0.3909796045,
0.1589,0.3909767412,
0.159,0.3909737453,
0.1591,0.3909705965,
0.1592,0.3909672745,
0.1593,0.3909637594,
0.1594,0.3909600316,
0.1595,0.3909560718,
0.1596,0.3909518611,
0.1597,0.3909473809,
0.1598,0.390942613,
0.1599,0.3909375396,
0.16,0.3909321433,
0.1601,0.3909264073,
0.1602,0.3909203148,
0.1603,0.39091385,
0.1604,0.3909069973,
0.1605,0.3908997415,
0.1606,0.3908920682,
0.1607,0.3908839632,
0.1608,0.3908754131,
0.1609,0.3908664049,
0.161,0.3908569262,
0.1611,0.3908469651,
0.1612,0.3908365105,
0.1613,0.3908255515,
0.1614,0.3908140783,
0.1615,0.3908020812,
0.1616,0.3907895515,
0.1617,0.3907764809,
0.1618,0.3907628618,
0.1619,0.3907486874,
0.162,0.3907339513,
0.1621,0.3907186478,
0.1622,0.3907027719,
0.1623,0.3906863194,
0.1624,0.3906692864,
0.1625,0.39065167,
0.1626,0.3906334678,
0.1627,0.3906146781,
0.1628,0.3905952999,
0.1629,0.3905753327,
0.163,0.390554777,
0.1631,0.3905336335,
0.1632,0.3905119041,
0.1633,0.3904895908,
0.1634,0.3904666967,
0.1635,0.3904432252,
0.1636,0.3904191807,
0.1637,0.3903945679,
0.1638,0.3903693923,
0.1639,0.3903436601,
0.164,0.3903173779,
0.1641,0.3902905531,
0.1642,0.3902631935,
0.1643,0.3902353078,
0.1644,0.3902069049,
0.1645,0.3901779946,
0.1646,0.3901485871,
0.1647,0.3901186932,
0.1648,0.3900883241,
0.1649,0.3900574917,
0.165,0.3900262083,
0.1651,0.3899944868,
0.1652,0.3899623404,
0.1653,0.389929783,
0.1654,0.3898968288,
0.1655,0.3898634924,
0.1656,0.389829789,
0.1657,0.389795734,
0.1658,0.3897613434,
0.1659,0.3897266333,
0.166,0.3896916204,
0.1661,0.3896563217,
0.1662,0.3896207543,
0.1663,0.389584936,
0.1664,0.3895488844,
0.1665,0.3895126178,
0.1666,0.3894761545,
0.1667,0.389439513,
0.1668,0.3894027122,
0.1669,0.3893657709,
0.167,0.3893287085,
0.1671,0.3892915441,
0.1672,0.3892542971,
0.1673,0.3892169871,
0.1674,0.3891796337,
0.1675,0.3891422566,
0.1676,0.3891048754,
0.1677,0.3890675099,
0.1678,0.38903018,
0.1679,0.3889929052,
0.168,0.3889557053,
0.1681,0.3889186001,
0.1682,0.3888816089,
0.1683,0.3888447515,
0.1684,0.388808047,
0.1685,0.3887715148,
0.1686,0.3887351739,
0.1687,0.3886990433,
0.1688,0.3886631417,
0.1689,0.3886274877,
0.169,0.3885920994,
0.1691,0.388556995,
0.1692,0.3885221923,
0.1693,0.3884877088,
0.1694,0.3884535616,
0.1695,0.3884197678,
0.1696,0.3883863438,
0.1697,0.3883533059,
0.1698,0.3883206699,
0.1699,0.3882884514,
0.17,0.3882566654,
0.1701,0.3882253266,
0.1702,0.3881944493,
0.1703,0.3881640473,
0.1704,0.3881341341,
0.1705,0.3881047224,
0.1706,0.3880758248,
0.1707,0.3880474532,
0.1708,0.3880196191,
0.1709,0.3879923335,
0.171,0.3879656068,
0.1711,0.3879394489,
0.1712,0.3879138693,
0.1713,0.3878888768,
0.1714,0.3878644796,
0.1715,0.3878406855,
0.1716,0.3878175018,
0.1717,0.3877949349,
0.1718,0.3877729909,
0.1719,0.3877516753,
0.172,0.387730993,
0.1721,0.3877109481,
0.1722,0.3876915444,
0.1723,0.387672785,
0.1724,0.3876546723,
0.1725,0.3876372082,
0.1726,0.3876203941,
0.1727,0.3876042307,
0.1728,0.3875887179,
0.1729,0.3875738554,
0.173,0.387559642,
0.1731,0.3875460761,
0.1732,0.3875331554,
0.1733,0.3875208769,
0.1734,0.3875092374,
0.1735,0.3874982327,
0.1736,0.3874878583,
0.1737,0.387478109,
0.1738,0.3874689791,
0.1739,0.3874604623,
0.174,0.3874525518,
0.1741,0.3874452404,
0.1742,0.38743852,
0.1743,0.3874323824,
0.1744,0.3874268185,
0.1745,0.3874218191,
0.1746,0.3874173742,
0.1747,0.3874134735,
0.1748,0.3874101062,
0.1749,0.3874072609,
0.175,0.3874049259,
0.1751,0.3874030892,
0.1752,0.3874017381,
0.1753,0.3874008597,
0.1754,0.3874004406,
0.1755,0.3874004672,
0.1756,0.3874009253,
0.1757,0.3874018006,
0.1758,0.3874030782,
0.1759,0.3874047432,
0.176,0.3874067802,
0.1761,0.3874091736,
0.1762,0.3874119074,
0.1763,0.3874149657,
0.1764,0.3874183319,
0.1765,0.3874219896,
0.1766,0.3874259221,
0.1767,0.3874301122,
0.1768,0.3874345431,
0.1769,0.3874391974,
0.177,0.3874440579,
0.1771,0.3874491069,
0.1772,0.3874543272,
0.1773,0.3874597009,
0.1774,0.3874652105,
0.1775,0.3874708383,
0.1776,0.3874765665,
0.1777,0.3874823776,
0.1778,0.3874882538,
0.1779,0.3874941776,
0.178,0.3875001313,
0.1781,0.3875060975,
0.1782,0.3875120588,
0.1783,0.3875179979,
0.1784,0.3875238977,
0.1785,0.3875297411,
0.1786,0.3875355115,
0.1787,0.387541192,
0.1788,0.3875467663,
0.1789,0.3875522181,
0.179,0.3875575315,
0.1791,0.3875626907,
0.1792,0.3875676802,
0.1793,0.3875724847,
0.1794,0.3875770895,
0.1795,0.3875814798,
0.1796,0.3875856414,
0.1797,0.3875895603,
0.1798,0.387593223,
0.1799,0.3875966163,
0.18,0.3875997271,
0.1801,0.3876025432,
0.1802,0.3876050525,
0.1803,0.3876072432,
0.1804,0.3876091041,
0.1805,0.3876106246,
0.1806,0.3876117941,
0.1807,0.3876126029,
0.1808,0.3876130415,
0.1809,0.3876131008,
0.181,0.3876127726,
0.1811,0.3876120487,
0.1812,0.3876109217,
0.1813,0.3876093845,
0.1814,0.3876074308,
0.1815,0.3876050545,
0.1816,0.3876022501,
0.1817,0.3875990128,
0.1818,0.3875953381,
0.1819,0.3875912222,
0.182,0.3875866618,
0.1821,0.387581654,
0.1822,0.3875761965,
0.1823,0.3875702877,
0.1824,0.3875639264,
0.1825,0.3875571118,
0.1826,0.387549844,
0.1827,0.3875421234,
0.1828,0.3875339508,
0.1829,0.3875253279,
0.183,0.3875162567,
0.1831,0.3875067396,
0.1832,0.3874967799,
0.1833,0.3874863811,
0.1834,0.3874755473,
0.1835,0.3874642832,
0.1836,0.3874525939,
0.1837,0.3874404851,
0.1838,0.3874279629,
0.1839,0.3874150339,
0.184,0.3874017051,
0.1841,0.3873879843,
0.1842,0.3873738793,
0.1843,0.3873593986,
0.1844,0.3873445512,
0.1845,0.3873293463,
0.1846,0.3873137938,
0.1847,0.3872979038,
0.1848,0.3872816869,
0.1849,0.387265154,
0.185,0.3872483164,
0.1851,0.3872311858,
0.1852,0.3872137743,
0.1853,0.3871960943,
0.1854,0.3871781583,
0.1855,0.3871599795,
0.1856,0.3871415711,
0.1857,0.3871229466,
0.1858,0.3871041199,
0.1859,0.3870851052,
0.186,0.3870659167,
0.1861,0.3870465689,
0.1862,0.3870270766,
0.1863,0.3870074548,
0.1864,0.3869877186,
0.1865,0.3869678831,
0.1866,0.3869479639,
0.1867,0.3869279764,
0.1868,0.3869079364,
0.1869,0.3868878594,
0.187,0.3868677614,
0.1871,0.3868476582,
0.1872,0.3868275657,
0.1873,0.3868074999,
0.1874,0.3867874767,
0.1875,0.386767512,
0.1876,0.3867476217,
0.1877,0.3867278219,
0.1878,0.3867081281,
0.1879,0.3866885563,
0.188,0.386669122,
0.1881,0.3866498409,
0.1882,0.3866307284,
0.1883,0.3866117997,
0.1884,0.38659307,
0.1885,0.3865745544,
0.1886,0.3865562676,
0.1887,0.3865382242,
0.1888,0.3865204386,
0.1889,0.386502925,
0.189,0.3864856974,
0.1891,0.3864687693,
0.1892,0.3864521543,
0.1893,0.3864358655,
0.1894,0.3864199156,
0.1895,0.3864043172,
0.1896,0.3863890826,
0.1897,0.3863742236,
0.1898,0.3863597518,
0.1899,0.3863456783,
0.19,0.386332014,
0.1901,0.3863187693,
0.1902,0.3863059544,
0.1903,0.3862935788,
0.1904,0.3862816518,
0.1905,0.3862701823,
0.1906,0.3862591788,
0.1907,0.3862486492,
0.1908,0.3862386012,
0.1909,0.3862290418,
0.191,0.3862199778,
0.1911,0.3862114153,
0.1912,0.3862033601,
0.1913,0.3861958177,
0.1914,0.3861887927,
0.1915,0.3861822895,
0.1916,0.3861763121,
0.1917,0.3861708638,
0.1918,0.3861659476,
0.1919,0.3861615658,
0.192,0.3861577205,
0.1921,0.3861544132,
0.1922,0.3861516447,
0.1923,0.3861494156,
0.1924,0.3861477258,
0.1925,0.386146575,
0.1926,0.3861459621,
0.1927,0.3861458857,
0.1928,0.3861463438,
0.1929,0.3861473341,
0.193,0.3861488536,
0.1931,0.386150899,
0.1932,0.3861534665,
0.1933,0.3861565519,
0.1934,0.3861601503,
0.1935,0.3861642566,
0.1936,0.3861688652,
0.1937,0.38617397,
0.1938,0.3861795646,
0.1939,0.386185642,
0.194,0.3861921949,
0.1941,0.3861992156,
0.1942,0.3862066959,
0.1943,0.3862146274,
0.1944,0.3862230012,
0.1945,0.386231808,
0.1946,0.3862410382,
0.1947,0.3862506818,
0.1948,0.3862607286,
0.1949,0.386271168,
0.195,0.386281989,
0.1951,0.3862931804,
0.1952,0.3863047307,
0.1953,0.3863166281,
0.1954,0.3863288606,
0.1955,0.3863414158,
0.1956,0.3863542813,
0.1957,0.3863674442,
0.1958,0.3863808917,
0.1959,0.3863946105,
0.196,0.3864085872,
0.1961,0.3864228085,
0.1962,0.3864372607,
0.1963,0.3864519298,
0.1964,0.3864668021,
0.1965,0.3864818634,
0.1966,0.3864970998,
0.1967,0.3865124968,
0.1968,0.3865280404,
0.1969,0.3865437161,
0.197,0.3865595097,
0.1971,0.3865754067,
0.1972,0.3865913928,
0.1973,0.3866074536,
0.1974,0.3866235747,
0.1975,0.3866397419,
0.1976,0.386655941,
0.1977,0.3866721577,
0.1978,0.3866883779,
0.1979,0.3867045878,
0.198,0.3867207733,
0.1981,0.3867369207,
0.1982,0.3867530164,
0.1983,0.386769047,
0.1984,0.3867849992,
0.1985,0.3868008598,
0.1986,0.386816616,
0.1987,0.386832255,
0.1988,0.3868477643,
0.1989,0.3868631318,
0.199,0.3868783453,
0.1991,0.3868933932,
0.1992,0.3869082639,
0.1993,0.3869229463,
0.1994,0.3869374294,
0.1995,0.3869517026,
0.1996,0.3869657557,
0.1997,0.3869795787,
0.1998,0.3869931618,
0.1999,0.3870064959,
0.2,0.3870195719,
0.2001,0.3870323813,
0.2002,0.3870449158,
0.2003,0.3870571676,
0.2004,0.3870691292,
0.2005,0.3870807935,
0.2006,0.3870921539,
0.2007,0.387103204,
0.2008,0.3871139379,
0.2009,0.3871243503,
0.201,0.387134436,
0.2011,0.3871441904,
0.2012,0.3871536092,
0.2013,0.3871626889,
0.2014,0.3871714258,
0.2015,0.3871798173,
0.2016,0.3871878607,
0.2017,0.3871955541,
0.2018,0.3872028958,
0.2019,0.3872098846,
0.202,0.38721652,
0.2021,0.3872228014,
0.2022,0.3872287293,
0.2023,0.387234304,
0.2024,0.3872395267,
0.2025,0.3872443987,
0.2026,0.3872489221,
0.2027,0.3872530991,
0.2028,0.3872569325,
0.2029,0.3872604254,
0.203,0.3872635815,
0.2031,0.3872664046,
0.2032,0.3872688993,
0.2033,0.3872710704,
0.2034,0.3872729229,
0.2035,0.3872744627,
0.2036,0.3872756955,
0.2037,0.3872766278,
0.2038,0.3872772663,
0.2039,0.387277618,
0.204,0.3872776905,
0.2041,0.3872774914,
0.2042,0.387277029,
0.2043,0.3872763116,
0.2044,0.3872753479,
0.2045,0.3872741472,
0.2046,0.3872727186,
0.2047,0.3872710719,
0.2048,0.387269217,
0.2049,0.3872671641,
0.205,0.3872649236,
0.2051,0.3872625062,
0.2052,0.3872599227,
0.2053,0.3872571845,
0.2054,0.3872543026,
0.2055,0.3872512888,
0.2056,0.3872481547,
0.2057,0.3872449122,
0.2058,0.3872415733,
0.2059,0.3872381502,
0.206,0.3872346552,
0.2061,0.3872311008,
0.2062,0.3872274995,
0.2063,0.3872238638,
0.2064,0.3872202066,
0.2065,0.3872165405,
0.2066,0.3872128784,
0.2067,0.3872092331,
0.2068,0.3872056175,
0.2069,0.3872020445,
0.207,0.387198527,
0.2071,0.3871950778,
0.2072,0.3871917098,
0.2073,0.3871884357,
0.2074,0.3871852683,
0.2075,0.3871822203,
0.2076,0.3871793042,
0.2077,0.3871765325,
0.2078,0.3871739176,
0.2079,0.3871714718,
0.208,0.3871692071,
0.2081,0.3871671355,
0.2082,0.3871652689,
0.2083,0.3871636189,
0.2084,0.387162197,
0.2085,0.3871610143,
0.2086,0.3871600821,
0.2087,0.3871594111,
0.2088,0.3871590119,
0.2089,0.387158895,
0.209,0.3871590704,
0.2091,0.3871595481,
0.2092,0.3871603376,
0.2093,0.3871614483,
0.2094,0.3871628892,
0.2095,0.387164669,
0.2096,0.3871667963,
0.2097,0.3871692791,
0.2098,0.3871721252,
0.2099,0.3871753421,
0.21,0.3871789371,
0.2101,0.3871829168,
0.2102,0.3871872877,
0.2103,0.387192056,
0.2104,0.3871972273,
0.2105,0.3872028072,
0.2106,0.3872088005,
0.2107,0.3872152119,
0.2108,0.3872220457,
0.2109,0.3872293058,
0.211,0.3872369956,
0.2111,0.3872451183,
0.2112,0.3872536765,
0.2113,0.3872626727,
0.2114,0.3872721086,
0.2115,0.387281986,
0.2116,0.3872923058,
0.2117,0.3873030688,
0.2118,0.3873142755,
0.2119,0.3873259256,
0.212,0.3873380189,
0.2121,0.3873505544,
0.2122,0.387363531,
0.2123,0.3873769469,
0.2124,0.3873908003,
0.2125,0.3874050886,
0.2126,0.3874198092,
0.2127,0.3874349589,
0.2128,0.3874505341,
0.2129,0.387466531,
0.213,0.3874829453,
0.2131,0.3874997725,
0.2132,0.3875170074,
0.2133,0.3875346449,
0.2134,0.3875526792,
0.2135,0.3875711045,
0.2136,0.3875899142,
0.2137,0.3876091019,
0.2138,0.3876286606,
0.2139,0.387648583,
0.214,0.3876688615,
0.2141,0.3876894883,
0.2142,0.3877104553,
0.2143,0.3877317542,
0.2144,0.3877533762,
0.2145,0.3877753124,
0.2146,0.3877975537,
0.2147,0.3878200908,
0.2148,0.387842914,
0.2149,0.3878660135,
0.215,0.3878893793,
0.2151,0.3879130012,
0.2152,0.3879368688,
0.2153,0.3879609716,
0.2154,0.3879852989,
0.2155,0.3880098399,
0.2156,0.3880345834,
0.2157,0.3880595186,
0.2158,0.388084634,
0.2159,0.3881099185,
0.216,0.3881353607,
0.2161,0.388160949,
0.2162,0.3881866719,
0.2163,0.3882125179,
0.2164,0.3882384754,
0.2165,0.3882645327,
0.2166,0.3882906781,
0.2167,0.3883169,
0.2168,0.3883431867,
0.2169,0.3883695267,
0.217,0.3883959084,
0.2171,0.3884223201,
0.2172,0.3884487505,
0.2173,0.3884751881,
0.2174,0.3885016216,
0.2175,0.3885280397,
0.2176,0.3885544314,
0.2177,0.3885807856,
0.2178,0.3886070915,
0.2179,0.3886333383,
0.218,0.3886595154,
0.2181,0.3886856124,
0.2182,0.388711619,
0.2183,0.3887375252,
0.2184,0.388763321,
0.2185,0.3887889968,
0.2186,0.3888145432,
0.2187,0.3888399508,
0.2188,0.3888652106,
0.2189,0.3888903139,
0.219,0.3889152521,
0.2191,0.3889400169,
0.2192,0.3889646004,
0.2193,0.3889889947,
0.2194,0.3890131924,
0.2195,0.3890371863,
0.2196,0.3890609696,
0.2197,0.3890845355,
0.2198,0.389107878,
0.2199,0.3891309908,
0.22,0.3891538685,
0.2201,0.3891765057,
0.2202,0.3891988973,
0.2203,0.3892210387,
0.2204,0.3892429255,
0.2205,0.3892645537,
0.2206,0.3892859197,
0.2207,0.3893070201,
0.2208,0.389327852,
0.2209,0.3893484128,
0.221,0.3893687001,
0.2211,0.3893887121,
0.2212,0.3894084471,
0.2213,0.389427904,
0.2214,0.389447082,
0.2215,0.3894659805,
0.2216,0.3894845994,
0.2217,0.389502939,
0.2218,0.3895209997,
0.2219,0.3895387825,
0.222,0.3895562887,
0.2221,0.3895735198,
0.2222,0.389590478,
0.2223,0.3896071654,
0.2224,0.3896235847,
0.2225,0.3896397389,
0.2226,0.3896556313,
0.2227,0.3896712656,
0.2228,0.3896866457,
0.2229,0.3897017759,
0.223,0.3897166608,
0.2231,0.3897313054,
0.2232,0.3897457147,
0.2233,0.3897598944,
0.2234,0.3897738502,
0.2235,0.3897875882,
0.2236,0.3898011147,
0.2237,0.3898144364,
0.2238,0.3898275601,
0.2239,0.389840493,
0.224,0.3898532424,
0.2241,0.389865816,
0.2242,0.3898782216,
0.2243,0.3898904672,
0.2244,0.3899025611,
0.2245,0.3899145118,
0.2246,0.3899263279,
0.2247,0.3899380183,
0.2248,0.389949592,
0.2249,0.3899610581,
0.225,0.389972426,
0.2251,0.3899837052,
0.2252,0.3899949052,
0.2253,0.3900060358,
0.2254,0.3900171068,
0.2255,0.3900281282,
0.2256,0.3900391099,
0.2257,0.390050062,
0.2258,0.3900609948,
0.2259,0.3900719184,
0.226,0.3900828431,
0.2261,0.3900937793,
0.2262,0.3901047372,
0.2263,0.3901157271,
0.2264,0.3901267596,
0.2265,0.3901378448,
0.2266,0.3901489931,
0.2267,0.3901602148,
0.2268,0.3901715201,
0.2269,0.3901829192,
0.227,0.3901944223,
0.2271,0.3902060395,
0.2272,0.3902177806,
0.2273,0.3902296556,
0.2274,0.3902416743,
0.2275,0.3902538462,
0.2276,0.3902661811,
0.2277,0.3902786882,
0.2278,0.3902913769,
0.2279,0.3903042563,
0.228,0.3903173352,
0.2281,0.3903306226,
0.2282,0.390344127,
0.2283,0.3903578567,
0.2284,0.3903718201,
0.2285,0.3903860251,
0.2286,0.3904004796,
0.2287,0.3904151911,
0.2288,0.3904301669,
0.2289,0.3904454142,
0.229,0.3904609399,
0.2291,0.3904767506,
0.2292,0.3904928525,
0.2293,0.390509252,
0.2294,0.3905259547,
0.2295,0.3905429662,
0.2296,0.3905602919,
0.2297,0.3905779367,
0.2298,0.3905959053,
0.2299,0.3906142023,
0.23,0.3906328316,
0.2301,0.3906517971,
0.2302,0.3906711023,
0.2303,0.3906907505,
0.2304,0.3907107446,
0.2305,0.3907310871,
0.2306,0.3907517803,
0.2307,0.3907728262,
0.2308,0.3907942265,
0.2309,0.3908159824,
0.231,0.3908380949,
0.2311,0.3908605648,
0.2312,0.3908833925,
0.2313,0.3909065779,
0.2314,0.3909301208,
0.2315,0.3909540206,
0.2316,0.3909782765,
0.2317,0.3910028871,
0.2318,0.3910278511,
0.2319,0.3910531664,
0.232,0.391078831,
0.2321,0.3911048425,
0.2322,0.391131198,
0.2323,0.3911578945,
0.2324,0.3911849286,
0.2325,0.3912122968,
0.2326,0.3912399951,
0.2327,0.3912680193,
0.2328,0.3912963648,
0.2329,0.391325027,
0.233,0.3913540008,
0.2331,0.391383281,
0.2332,0.3914128619,
0.2333,0.3914427379,
0.2334,0.3914729028,
0.2335,0.3915033505,
0.2336,0.3915340744,
0.2337,0.3915650678,
0.2338,0.3915963239,
0.2339,0.3916278354,
0.234,0.3916595951,
0.2341,0.3916915954,
0.2342,0.3917238287,
0.2343,0.3917562871,
0.2344,0.3917889625,
0.2345,0.3918218468,
0.2346,0.3918549317,
0.2347,0.3918882086,
0.2348,0.391921669,
0.2349,0.3919553042,
0.235,0.3919891053,
0.2351,0.3920230634,
0.2352,0.3920571695,
0.2353,0.3920914145,
0.2354,0.3921257892,
0.2355,0.3921602844,
0.2356,0.3921948907,
0.2357,0.392229599,
0.2358,0.3922643998,
0.2359,0.3922992837,
0.236,0.3923342414,
0.2361,0.3923692633,
0.2362,0.3924043403,
0.2363,0.3924394627,
0.2364,0.3924746214,
0.2365,0.392509807,
0.2366,0.3925450103,
0.2367,0.3925802219,
0.2368,0.3926154328,
0.2369,0.3926506339,
0.237,0.3926858161,
0.2371,0.3927209707,
0.2372,0.3927560887,
0.2373,0.3927911615,
0.2374,0.3928261805,
0.2375,0.3928611373,
0.2376,0.3928960236,
0.2377,0.3929308311,
0.2378,0.3929655519,
0.2379,0.3930001782,
0.238,0.3930347022,
0.2381,0.3930691164,
0.2382,0.3931034135,
0.2383,0.3931375863,
0.2384,0.393171628,
0.2385,0.3932055318,
0.2386,0.3932392911,
0.2387,0.3932728996,
0.2388,0.3933063514,
0.2389,0.3933396404,
0.239,0.3933727611,
0.2391,0.3934057081,
0.2392,0.3934384762,
0.2393,0.3934710606,
0.2394,0.3935034566,
0.2395,0.3935356599,
0.2396,0.3935676663,
0.2397,0.3935994719,
0.2398,0.3936310732,
0.2399,0.3936624669,
0.24,0.3936936499,
0.2401,0.3937246195,
0.2402,0.3937553732,
0.2403,0.3937859087,
0.2404,0.3938162242,
0.2405,0.393846318,
0.2406,0.3938761888,
0.2407,0.3939058355,
0.2408,0.3939352573,
0.2409,0.3939644537,
0.241,0.3939934246,
0.2411,0.39402217,
0.2412,0.3940506902,
0.2413,0.3940789859,
0.2414,0.3941070581,
0.2415,0.3941349078,
0.2416,0.3941625367,
0.2417,0.3941899465,
0.2418,0.3942171392,
0.2419,0.3942441171,
0.242,0.3942708828,
0.2421,0.3942974391,
0.2422,0.3943237891,
0.2423,0.3943499361,
0.2424,0.3943758839,
0.2425,0.3944016361,
0.2426,0.394427197,
0.2427,0.3944525708,
0.2428,0.3944777621,
0.2429,0.3945027757,
0.243,0.3945276166,
0.2431,0.39455229,
0.2432,0.3945768014,
0.2433,0.3946011564,
0.2434,0.3946253609,
0.2435,0.3946494209,
0.2436,0.3946733425,
0.2437,0.3946971323,
0.2438,0.3947207966,
0.2439,0.3947443424,
0.244,0.3947677764,
0.2441,0.3947911057,
0.2442,0.3948143374,
0.2443,0.3948374788,
0.2444,0.3948605373,
0.2445,0.3948835205,
0.2446,0.394906436,
0.2447,0.3949292915,
0.2448,0.3949520949,
0.2449,0.394974854,
0.245,0.3949975769,
0.2451,0.3950202715,
0.2452,0.395042946,
0.2453,0.3950656086,
0.2454,0.3950882673,
0.2455,0.3951109305,
0.2456,0.3951336063,
0.2457,0.395156303,
0.2458,0.3951790288,
0.2459,0.395201792,
0.246,0.3952246008,
0.2461,0.3952474634,
0.2462,0.395270388,
0.2463,0.3952933827,
0.2464,0.3953164556,
0.2465,0.3953396147,
0.2466,0.3953628679,
0.2467,0.3953862232,
0.2468,0.3954096884,
0.2469,0.3954332711,
0.247,0.395456979,
0.2471,0.3954808195,
0.2472,0.3955048001,
0.2473,0.3955289281,
0.2474,0.3955532105,
0.2475,0.3955776545,
0.2476,0.3956022667,
0.2477,0.395627054,
0.2478,0.395652023,
0.2479,0.3956771799,
0.248,0.395702531,
0.2481,0.3957280824,
0.2482,0.3957538399,
0.2483,0.3957798092,
0.2484,0.3958059958,
0.2485,0.3958324049,
0.2486,0.3958590417,
0.2487,0.3958859109,
0.2488,0.3959130172,
0.2489,0.3959403652,
0.249,0.3959679589,
0.2491,0.3959958024,
0.2492,0.3960238993,
0.2493,0.3960522533,
0.2494,0.3960808677,
0.2495,0.3961097453,
0.2496,0.3961388891,
0.2497,0.3961683016,
0.2498,0.3961979851,
0.2499,0.3962279417,
0.25,0.3962581731,
0.2501,0.3962886809,
0.2502,0.3963194665,
0.2503,0.3963505307,
0.2504,0.3963818745,
0.2505,0.3964134984,
0.2506,0.3964454026,
0.2507,0.3964775871,
0.2508,0.3965100518,
0.2509,0.3965427961,
0.251,0.3965758192,
0.2511,0.3966091203,
0.2512,0.396642698,
0.2513,0.3966765508,
0.2514,0.3967106771,
0.2515,0.3967450747,
0.2516,0.3967797416,
0.2517,0.3968146751,
0.2518,0.3968498727,
0.2519,0.3968853314,
0.252,0.396921048,
0.2521,0.3969570192,
0.2522,0.3969932413,
0.2523,0.3970297104,
0.2524,0.3970664227,
0.2525,0.3971033737,
0.2526,0.3971405591,
0.2527,0.3971779742,
0.2528,0.3972156141,
0.2529,0.3972534739,
0.253,0.3972915483,
0.2531,0.397329832,
0.2532,0.3973683193,
0.2533,0.3974070046,
0.2534,0.397445882,
0.2535,0.3974849454,
0.2536,0.3975241886,
0.2537,0.3975636054,
0.2538,0.3976031894,
0.2539,0.3976429338,
0.254,0.3976828322,
0.2541,0.3977228776,
0.2542,0.3977630631,
0.2543,0.3978033818,
0.2544,0.3978438267,
0.2554,0.3982536048,
0.2564,0.3986678493,
0.2574,0.3990792436,
0.2584,0.3994812646,
0.259401,0.3998692056,
0.260401,0.4002391215,
0.261401,0.4005904308,
0.262401,0.4009243852,
0.263401,0.4012442728,
0.264401,0.4015550217,
0.265401,0.4018626422,
0.266401,0.4021735718,
0.267401,0.4024939901,
0.268401,0.4028291777,
0.269401,0.4031829818,
0.270401,0.4035574431,
0.271401,0.403952617,
0.272401,0.4043666045,
0.273401,0.4047957833,
0.274401,0.4052352122,
0.275401,0.4056791606,
0.276401,0.4061217083,
0.277401,0.4065573497,
0.278401,0.4069815408,
0.279401,0.4073911347,
0.280401,0.4077846614,
0.281401,0.4081624289,
0.282401,0.408526437,
0.283401,0.4088801201,
0.284401,0.4092279465,
0.285401,0.4095749218,
0.286401,0.4099260481,
0.287401,0.4102857969,
0.288401,0.4106576492,
0.289401,0.4110437494,
0.290401,0.411444705,
0.291401,0.4118595506,
0.292401,0.4122858744,
0.293401,0.4127200917,
0.294401,0.4131578324,
0.295401,0.4135944006,
0.296401,0.4140252566,
0.297401,0.4144464714,
0.298401,0.4148551063,
0.299401,0.415249482,
0.300401,0.4156293103,
0.301401,0.4159956797,
0.302401,0.4163508982,
0.303401,0.416698215,
0.304401,0.4170414512,
0.305401,0.417384581,
0.306401,0.4177313066,
0.307401,0.4180846729,
0.308401,0.4184467587,
0.309401,0.4188184753,
0.310401,0.4191994917,
0.311401,0.4195882889,
0.312401,0.4199823364,
0.313401,0.4203783686,
0.314401,0.4207727307,
0.315401,0.4211617563,
0.316401,0.4215421365,
0.317401,0.421911244,
0.318401,0.4222673779,
0.319401,0.422609907,
0.320401,0.4229393001,
0.321401,0.4232570403,
0.322401,0.423565438,
0.323401,0.4238673627,
0.324401,0.4241659237,
0.325401,0.4244641342,
0.326401,0.424764594,
0.327401,0.4250692222,
0.328401,0.4253790678,
0.329401,0.4256942149,
0.330401,0.4260137894,
0.331401,0.4263360656,
0.332401,0.4266586577,
0.333401,0.4269787755,
0.334401,0.4272935144,
0.335401,0.4276001518,
0.336401,0.4278964161,
0.337401,0.4281807028,
0.338401,0.428452217,
0.339401,0.4287110282,
0.340401,0.4289580341,
0.341401,0.4291948412,
0.342401,0.4294235736,
0.343401,0.4296466345,
0.344401,0.4298664445,
0.345401,0.4300851844,
0.346401,0.4303045704,
0.347401,0.4305256819,
0.348401,0.4307488605,
0.349401,0.4309736879,
0.350401,0.4311990423,
0.351401,0.4314232272,
0.352401,0.4316441562,
0.353401,0.4318595732,
0.354401,0.4320672857,
0.355401,0.4322653846,
0.356401,0.4324524306,
0.357401,0.4326275864,
0.358401,0.4327906843,
0.359401,0.4329422222,
0.360401,0.433083292,
0.361401,0.4332154475,
0.362401,0.4333405289,
0.363401,0.433460462,
0.364401,0.433577053,
0.365401,0.4336918028,
0.366401,0.4338057556,
0.367401,0.4339194005,
0.368401,0.4340326322,
0.369401,0.4341447747,
0.370401,0.4342546632,
0.371401,0.4343607754,
0.372401,0.4344613956,
0.373401,0.4345547961,
0.374401,0.4346394139,
0.375401,0.4347140076,
0.376401,0.4347777758,
0.377401,0.4348304281,
0.378401,0.4348722016,
0.379401,0.4349038215,
0.380401,0.4349264139,
0.381401,0.4349413785,
0.382401,0.4349502365,
0.383401,0.4349544706,
0.384401,0.4349553722,
0.385401,0.4349539136,
0.386401,0.4349506555,
0.387401,0.4349457009,
0.388401,0.4349386963,
0.389401,0.4349288814,
0.390401,0.434915179,
0.391401,0.4348963161,
0.392401,0.4348709622,
0.393401,0.4348378697,
0.394401,0.4347960029,
0.395401,0.4347446418,
0.396401,0.4346834506,
0.397401,0.4346125045,
0.398401,0.4345322746,
0.399401,0.4344435711,
0.400401,0.4343474535,
0.401401,0.4342451181,
0.402401,0.4341377734,
0.403401,0.4340265181,
0.404401,0.4339122338,
0.405401,0.4337955032,
0.406401,0.4336765606,
0.407401,0.4335552812,
0.408401,0.4334312068,
0.409401,0.4333036064,
0.410401,0.4331715625,
0.411401,0.433034076,
0.412401,0.4328901757,
0.413401,0.432739023,
0.414401,0.4325800001,
0.415401,0.4324127732,
0.416401,0.4322373249,
0.417401,0.432053953,
0.418401,0.4318632374,
0.419401,0.4316659778,
0.420401,0.4314631117,
0.421401,0.4312556194,
0.422401,0.4310444276,
0.423401,0.4308303208,
0.424401,0.4306138707,
0.425401,0.4303953881,
0.426401,0.4301749047,
0.427401,0.4299521832,
0.428401,0.4297267554,
0.429401,0.4294979838,
0.430401,0.4292651382,
0.431401,0.4290274812,
0.432401,0.4287843513,
0.433401,0.4285352368,
0.434401,0.4282798322,
0.435401,0.4280180719,
0.436401,0.4277501382,
0.437401,0.4274764439,
0.438401,0.4271975915,
0.439401,0.4269143139,
0.440401,0.4266274028,
0.441401,0.4263376341,
0.442401,0.4260456956,
0.443401,0.4257521268,
0.444401,0.4254572751,
0.445401,0.4251612728,
0.446401,0.4248640383,
0.447401,0.4245652975,
0.448401,0.4242646263,
0.449401,0.4239615068,
0.450401,0.4236553919,
0.451401,0.4233457713,
0.452401,0.4230322325,
0.453401,0.4227145095,
0.454401,0.4223925156,
0.455401,0.4220663569,
0.456401,0.4217363258,
0.457401,0.4214028744,
0.458401,0.4210665736,
0.459401,0.42072806,
0.460401,0.4203879778,
0.461401,0.4200469211,
0.462401,0.4197053835,
0.463401,0.4193637187,
0.464401,0.4190221171,
0.465401,0.4186805995,
0.466401,0.418339029,
0.467401,0.4179971388,
0.468401,0.417654572,
0.469401,0.417310931,
0.470401,0.4169658291,
0.471401,0.4166189395,
0.472401,0.4162700374,
0.473401,0.4159190304,
0.474401,0.4155659743,
0.475401,0.415211073,
0.476401,0.4148546636,
0.477401,0.4144971874,
0.478401,0.4141391519,
0.479401,0.4137810855,
0.480401,0.4134234924,
0.481401,0.4130668107,
0.482401,0.412711378,
0.483401,0.4123574088,
0.484401,0.412004985,
0.485401,0.4116540604,
0.486401,0.411304478,
0.487401,0.4109559989,
0.488401,0.4106083382,
0.489401,0.4102612054,
0.490401,0.409914344,
0.491401,0.4095675665,
0.492401,0.4092207815,
0.493401,0.40887401,
0.494401,0.4085273896,
0.495401,0.4081811665,
0.496401,0.4078356767,
0.497401,0.4074913178,
0.498401,0.4071485152,
0.499401,0.4068076869,
0.500401,0.4064692088,
0.501401,0.4061333859,
0.502401,0.4058004318,
0.503401,0.4054704569,
0.504401,0.405143469,
0.505401,0.4048193835,
0.506401,0.4044980431,
0.507401,0.4041792444,
0.508401,0.4038627688,
0.509401,0.4035484138,
0.510401,0.4032360216,
0.511401,0.4029255031,
0.512401,0.4026168527,
0.513401,0.4023101557,
0.514401,0.4020055841,
0.515401,0.4017033853,
0.516401,0.4014038618,
0.517401,0.4011073461,
0.518401,0.4008141737,
0.519401,0.4005246548,
0.520401,0.4002390511,
0.521401,0.3999575568,
0.522401,0.3996802875,
0.523401,0.3994072774,
0.524401,0.3991384849,
0.525401,0.3988738055,
0.526401,0.3986130915,
0.527401,0.3983561744,
0.528401,0.3981028902,
0.529401,0.3978531021,
0.530401,0.3976067203,
0.531401,0.3973637168,
0.532401,0.3971241321,
0.533401,0.3968880759,
0.534401,0.3966557192,
0.535401,0.396427281,
0.536401,0.39620301,
0.537401,0.3959831638,
0.538401,0.3957679868,
0.539401,0.3955576913,
0.540401,0.3953524408,
0.541401,0.3951523396,
0.542401,0.3949574285,
0.543401,0.3947676868,
0.544401,0.3945830407,
0.545401,0.3944033765,
0.546401,0.3942285581,
0.547401,0.3940584456,
0.548401,0.3938929137,
0.549401,0.3937318687,
0.550401,0.3935752605,
0.551401,0.3934230908,
0.552401,0.3932754147,
0.553401,0.3931323374,
0.554401,0.3929940049,
0.555401,0.3928605911,
0.556401,0.3927322821,
0.557401,0.3926092592,
0.558401,0.3924916835,
0.559401,0.3923796818,
0.560401,0.3922733367,
0.561401,0.3921726818,
0.562401,0.3920777013,
0.563401,0.3919883348,
0.564401,0.3919044866,
0.565401,0.3918260377,
0.566401,0.3917528608,
0.567401,0.3916848344,
0.568401,0.3916218568,
0.569401,0.391563857,
0.570401,0.3915108021,
0.571401,0.3914627009,
0.572401,0.391419602,
0.573401,0.3913815889,
0.574401,0.3913487703,
0.575401,0.3913212688,
0.576401,0.3912992077,
0.577401,0.3912826983,
0.578401,0.3912718285,
0.579401,0.3912666536,
0.580401,0.3912671911,
0.581401,0.3912734189,
0.582401,0.391285278,
0.583401,0.3913026783,
0.584401,0.3913255077,
0.585401,0.3913536428,
0.586401,0.3913869607,
0.587401,0.3914253503,
0.588401,0.3914687213,
0.589401,0.3915170119,
0.590401,0.3915701922,
0.591401,0.3916282645,
0.592401,0.3916912601,
0.593401,0.3917592327,
0.594401,0.3918322503,
0.595401,0.3919103848,
0.596401,0.3919937016,
0.597401,0.3920822502,
0.598401,0.3921760565,
0.599401,0.3922751172,
0.600401,0.3923793976,
0.601401,0.3924888327,
0.602401,0.3926033309,
0.603401,0.3927227804,
0.604401,0.3928470577,
0.605401,0.3929760364,
0.606401,0.3931095968,
0.607401,0.3932476336,
0.608401,0.3933900621,
0.609401,0.3935368224,
0.610401,0.3936878804,
0.611401,0.3938432256,
0.612401,0.3940028673,
0.613401,0.3941668278,
0.614401,0.3943351351,
0.615401,0.3945078142,
0.616401,0.3946848798,
0.617401,0.3948663291,
0.618401,0.3950521376,
0.619401,0.395242256,
0.620401,0.3954366106,
0.621401,0.3956351058,
0.622401,0.3958376284,
0.623401,0.3960440542,
0.624401,0.3962542548,
0.625401,0.3964681052,
0.626401,0.3966854899,
0.627401,0.3969063089,
0.628401,0.3971304809,
0.629401,0.3973579448,
0.630401,0.3975886586,
0.631401,0.3978225971,
0.641401,0.4003348238,
0.651401,0.4031075181,
0.661401,0.4060605953,
0.671401,0.4091166383,
0.681401,0.4121929873,
0.691401,0.4152089122,
0.701401,0.4180865828,
0.711401,0.4207512281,
0.721401,0.4231372408,
0.731401,0.4251837327,
0.741401,0.4268436002,
0.751401,0.4280759919,
0.761401,0.4288565044,
0.771401,0.4291682765,
0.781401,0.4290113317,
0.791401,0.4283940215,
0.801401,0.4273401641,
0.811401,0.4258815832,
0.821401,0.4240630632,
0.831401,0.4219356084,
0.841401,0.419560031,
0.851401,0.4170005131,
0.861401,0.4143271983,
0.871401,0.4116104835,
0.881401,0.4089222647,
0.891401,0.4063317407,
0.901401,0.403905193,
0.911401,0.4017033513,
0.921401,0.3997805083,
0.931401,0.3981826834,
0.941401,0.3969471504,
0.951401,0.3961008777,
0.961401,0.395660719,
0.971401,0.395632525,
0.981401,0.3960114135,
0.991401,0.3967821795,
1.001401,0.3979193149,
1.011401,0.3993885217,
1.021401,0.4011470093,
1.031401,0.4031451924,
1.041401,0.4053279081,
1.051401,0.4076357722,
1.061401,0.4100070652,
1.071401,0.4123791382,
1.081401,0.4146900397,
1.091401,0.4168804574,
1.101401,0.4188946336,
1.111401,0.4206824658,
1.121401,0.4222001775,
1.131401,0.4234116503,
1.141401,0.4242893577,
1.151401,0.424814605,
1.161401,0.4249783652,
1.171401,0.4247810457,
1.181401,0.4242324089,
1.191401,0.4233514603,
1.201401,0.4221653234,
1.211401,0.4207089655,
1.221401,0.4190238008,
1.231401,0.4171565817,
1.241401,0.4151583806,
1.251401,0.4130827023,
1.261401,0.4109845752,
1.271401,0.4089187698,
1.281401,0.4069383903,
1.291401,0.4050938316,
1.301401,0.4034310068,
1.311401,0.4019907124,
1.321401,0.4008073674,
1.331401,0.3999081592,
1.341401,0.3993128025,
1.351401,0.399032603,
1.361401,0.3990707605,
1.371401,0.3994221488,
1.381401,0.4000734652,
1.391401,0.4010040664,
1.401401,0.4021860686,
1.411401,0.4035856079,
1.421401,0.4051635998,
1.431401,0.4068766667,
1.441401,0.4086787397,
1.451401,0.410521751,
1.461401,0.4123573299,
1.471401,0.4141379166,
1.481401,0.4158177931,
1.491401,0.4173547036,
1.501401,0.4187103799,
1.511401,0.4198518793,
1.521401,0.4207522831,
1.531401,0.4213910789,
1.541401,0.4217550959,
1.551401,0.4218382309,
1.561401,0.4216418718,
1.571401,0.4211747249,
1.581401,0.4204522048,
1.591401,0.4194964484,
1.601401,0.4183351393,
1.611401,0.4170010297,
1.621401,0.4155310326,
1.631401,0.4139648766,
1.641401,0.4123445543,
1.651401,0.4107127085,
1.661401,0.4091117882,
1.671401,0.407583013,
1.681401,0.406164953,
1.691401,0.4048930913,
1.701401,0.4037984776,
1.711401,0.4029072062,
1.721401,0.4022399202,
1.731401,0.401810944,
1.741401,0.4016285251,
1.751401,0.4016942553,
1.761401,0.4020032871,
1.771401,0.402544703,
1.781401,0.4033014343,
1.791401,0.4042513082,
1.801401,0.4053672711,
1.811401,0.4066182687,
1.821401,0.4079703112,
1.831401,0.4093869222,
1.841401,0.4108306396,
1.851401,0.4122636232,
1.861401,0.4136487104,
1.871401,0.4149506365,
1.881401,0.4161364375,
1.891401,0.4171767986,
1.901401,0.4180464365,
1.911401,0.4187247275,
1.921401,0.4191964964,
1.931401,0.4194518379,
1.941401,0.4194868141,
1.951401,0.4193031924,
1.961401,0.4189082937,
1.971401,0.4183150857,
1.981401,0.417541253,
1.991401,0.4166091617,
2.001401,0.4155449735,
2.011401,0.4143778285,
2.021401,0.4131394403,
2.031401,0.4118627087,
2.041401,0.4105813077,
2.051401,0.4093286037,
2.061401,0.4081366522,
2.071401,0.4070358058,
2.081401,0.4060534157,
2.091401,0.4052135867,
2.101401,0.4045364457,
2.111401,0.4040374774,
2.121401,0.4037276326,
2.131401,0.4036125699,
2.141401,0.4036929641,
2.151401,0.4039644531,
2.161401,0.4044175698,
2.171401,0.4050385247,
2.181401,0.4058090912,
2.191401,0.4067074825,
2.201401,0.4077089156,
2.211401,0.4087860002,
2.221401,0.409909979,
2.231401,0.4110509809,
2.241401,0.4121791204,
2.251401,0.4132652884,
2.261401,0.4142815677,
2.271401,0.4152024633,
2.281401,0.416005047,
2.291401,0.4166697925,
2.301401,0.4171811122,
2.311401,0.4175273452,
2.321401,0.4177015444,
2.331401,0.417701135,
2.341401,0.417528149,
2.351401,0.4171892393,
2.361401,0.4166950414,
2.371401,0.4160603823,
2.381401,0.4153034049,
2.391401,0.4144452224,
2.401401,0.4135095053,
2.411401,0.4125213913,
2.421401,0.4115073448,
2.431401,0.4104940457,
2.441401,0.409507807,
2.451401,0.4085741164,
2.461401,0.4077165139,
2.471401,0.406956528,
2.481401,0.4063127719,
2.491401,0.4058005553,
2.501401,0.4054317964,
2.511401,0.4052142596,
2.521401,0.4051519169,
2.531401,0.4052445614,
2.541401,0.4054878687,
2.551401,0.4058738726,
2.561401,0.4063907029,
2.571401,0.4070234373,
2.581401,0.4077542407,
2.591401,0.4085628157,
2.601401,0.4094273165,
2.611401,0.4103244122,
2.621401,0.4112303879,
2.631401,0.4121215317,
2.641401,0.4129746526,
2.651401,0.4137680769,
2.661401,0.4144816654,
2.671401,0.4150977729,
2.681401,0.4156014952,
2.691401,0.4159808735,
2.701401,0.4162276052,
2.711401,0.4163366855,
2.721401,0.4163069193,
2.731401,0.4161407745,
2.741401,0.415844069,
2.751401,0.4154262409,
2.761401,0.4148995289,
2.771401,0.4142790023,
2.781401,0.4135820519,
2.791401,0.4128276536,
2.801401,0.4120363386,
2.811401,0.4112291185,
2.821401,0.4104272723,
2.831401,0.4096517615,
2.841401,0.4089223847,
2.851401,0.4082577809,
2.861401,0.407674451,
2.871401,0.4071866524,
2.881401,0.4068060811,
2.891401,0.4065412541,
2.901401,0.4063978439,
2.911401,0.4063780803,
2.921401,0.4064809847,
2.931401,0.406702516,
2.941401,0.4070353283,
2.951401,0.4074695303,
2.961401,0.4079925131,
2.971401,0.4085895153,
2.981401,0.4092441681,
2.991401,0.4099385229,
3.001401,0.4106540715,
3.011401,0.4113718069,
3.021401,0.4120728782,
3.031401,0.4127392702,
3.041401,0.4133538142,
3.051401,0.4139011591,
3.061401,0.4143677574,
3.071401,0.4147422977,
3.081401,0.4150162133,
3.091401,0.4151833962,
3.101401,0.4152408522,
3.111401,0.4151883858,
3.121401,0.4150286164,
3.131401,0.4147671611,
3.141401,0.414411952,
3.151401,0.4139735107,
3.161401,0.4134643263,
3.171401,0.4128984943,
3.181401,0.4122916572,
3.191401,0.4116600596,
3.201401,0.4110206073,
3.211401,0.4103901477,
3.221401,0.4097849648,
3.231401,0.4092207308,
3.241401,0.4087115769,
3.251401,0.4082702104,
3.261401,0.4079073804,
3.271401,0.4076315025,
3.281401,0.4074488755,
3.291401,0.4073630103,
3.301401,0.4073750127,
3.311401,0.4074834143,
3.321401,0.4076840724,
3.331401,0.4079707514,
3.341401,0.4083347794,
3.351401,0.4087657117,
3.361401,0.4092515091,
3.371401,0.4097786511,
3.381401,0.410332977,
3.391401,0.4108995379,
3.401401,0.4114633677,
3.411401,0.412009813,
3.421401,0.4125246431,
3.431401,0.4129949112,
3.441401,0.4134087623,
3.451401,0.4137560601,
3.461401,0.414028623,
3.471401,0.4142200993,
3.481401,0.4143266227,
3.491401,0.4143463836,
3.501401,0.4142799351,
3.511401,0.4141301954,
3.521401,0.4139019836,
3.531401,0.413602393,
3.541401,0.4132400997,
3.551401,0.4128253508,
3.561401,0.4123697762,
3.571401,0.4118856699,
3.581401,0.4113861898,
3.591401,0.4108845525,
3.601401,0.4103938715,
3.611401,0.4099269691,
3.621401,0.4094956135,
3.631401,0.409110757,
3.641401,0.4087818413,
3.651401,0.4085167041,
3.661401,0.4083215993,
3.671401,0.4082005934,
3.681401,0.4081560156,
3.691401,0.4081880374,
3.701401,0.4082947759,
3.711401,0.408472623,
3.721401,0.4087158768,
3.731401,0.4090174366,
3.741401,0.409368664,
3.751401,0.409759655,
3.761401,0.4101798153,
3.771401,0.4106176411,
3.781401,0.4110615367,
3.791401,0.4114998201,
3.801401,0.4119210015,
3.811401,0.4123144262,
3.821401,0.4126700225,
3.831401,0.412979043,
3.841401,0.4132340243,
3.851401,0.4134288838,
3.861401,0.4135594446,
3.871401,0.413622992,
3.881401,0.413618784,
3.891401,0.4135478434,
3.901401,0.4134127709,
3.911401,0.4132180771,
3.921401,0.4129695057,
3.931401,0.4126742966,
3.941401,0.4123408256,
3.951401,0.4119781816,
3.961401,0.4115963705,
3.971401,0.4112055109,
3.981401,0.4108159623,
3.991401,0.4104379528,
4.001401,0.4100810757,
4.011401,0.4097545241,
4.021401,0.4094663338,
4.031401,0.409223544,
4.041401,0.4090319827,
4.051401,0.4088958454,
4.061401,0.4088181053,
4.071401,0.4087999434,
4.081401,0.4088410532,
4.091401,0.4089396798,
4.101401,0.4090923544,
4.111401,0.4092945226,
4.121401,0.4095401866,
4.131401,0.4098223477,
4.141401,0.4101332675,
4.151401,0.4104643083,
4.161401,0.4108066966,
4.171401,0.4111512866,
4.181401,0.4114890222,
4.191401,0.4118112918,
4.201401,0.4121097385,
4.211401,0.4123770069,
4.221401,0.4126064833,
4.231401,0.412792626,
4.241401,0.412931268,
4.251401,0.413019266,
4.261401,0.4130551008,
4.271401,0.4130384897,
4.281401,0.4129704921,
4.291401,0.4128536873,
4.301401,0.4126916164,
4.311401,0.4124892036,
4.321401,0.4122522407,
4.331401,0.4119872853,
4.341401,0.4117017507,
4.351401,0.411403208,
4.361401,0.4110997012,
4.371401,0.4107992042,
4.381401,0.4105094205,
4.391401,0.4102379023,
4.401401,0.4099913452,
4.411401,0.409775923,
4.421401,0.4095968514,
4.431401,0.4094582173,
4.441401,0.4093632458,
4.451401,0.4093137049,
4.461401,0.4093103535,
4.471401,0.4093527015,
4.481401,0.4094389367,
4.491401,0.4095663863,
4.501401,0.4097310677,
4.511401,0.4099282575,
4.521401,0.41015244,
4.531401,0.4103973063,
4.541401,0.4106563602,
4.551401,0.410922557,
4.561401,0.4111889113,
4.571401,0.4114485457,
4.581401,0.4116946622,
4.591401,0.4119211785,
4.601401,0.4121223494,
4.611401,0.4122932921,
4.621401,0.4124300234,
4.631401,0.4125292964,
4.641401,0.4125891608,
4.651401,0.4126084779,
4.661401,0.4125872805,
4.671401,0.4125267322,
4.681401,0.4124287801,
4.691401,0.4122965995,
4.701401,0.4121339917,
4.711401,0.4119455733,
4.721401,0.4117366764,
4.731401,0.4115128547,
4.741401,0.4112802564,
4.751401,0.4110449733,
4.761401,0.4108131333,
4.771401,0.4105908255,
4.781401,0.4103835573,
4.791401,0.4101966484,
4.801401,0.4100346365,
4.811401,0.4099013713,
4.821401,0.409800061,
4.831401,0.4097327769,
4.841401,0.4097009472,
4.851401,0.4097048999,
4.861401,0.4097440185,
4.871401,0.4098169597,
4.881401,0.4099212462,
4.891401,0.4100538753,
4.901401,0.4102110111,
4.911401,0.4103881907,
4.921401,0.4105806877,
4.931401,0.4107831603,
4.941401,0.4109903198,
4.951401,0.4111967135,
4.961401,0.4113969097,
4.971401,0.4115859265,
4.981401,0.4117588548,
4.991401,0.4119114943,
5.001401,0.4120401421,
5.011401,0.4121416694,
5.021401,0.4122139276,
5.031401,0.4122552754,
5.041401,0.4122651051,
5.051401,0.4122435805,
5.061401,0.4121915543,
5.071401,0.4121109111,
5.081401,0.412003978,
5.091401,0.4118739251,
5.101401,0.4117244562,
5.111401,0.4115595841,
5.121401,0.4113839329,
5.131401,0.4112020778,
5.141401,0.4110188653,
5.151401,0.4108391182,
5.161401,0.4106673366,
5.171401,0.4105080287,
5.181401,0.4103650612,
5.191401,0.4102419724,
5.201401,0.4101417714,
5.211401,0.4100666419,
5.221401,0.4100183671,
5.231401,0.4099977627,
5.241401,0.4100050347,
5.251401,0.4100397226,
5.261401,0.4101004469,
5.271401,0.4101854502,
5.281401,0.4102921332,
5.291401,0.410417458,
5.301401,0.4105580279,
5.311401,0.4107098615,
5.321401,0.4108690152,
5.331401,0.4110311874,
5.341401,0.4111921154,
5.351401,0.4113477357,
5.361401,0.411493926,
5.371401,0.4116271381,
5.381401,0.411744007,
5.391401,0.4118416692,
5.401401,0.4119179351,
5.411401,0.4119709386,
5.421401,0.4119997133,
5.431401,0.412003758,
5.441401,0.4119832272,
5.451401,0.411939076,
5.461401,0.4118725923,
5.471401,0.4117858925,
5.481401,0.41168144,
5.491401,0.4115621078,
5.501401,0.4114313065,
5.511401,0.4112924278,
5.521401,0.4111492841,
5.531401,0.4110056256,
5.541401,0.4108651196,
5.551401,0.4107315142,
5.561401,0.410608053,
5.571401,0.4104979155,
5.581401,0.4104037958,
5.591401,0.4103278609,
5.601401,0.4102720049,
5.611401,0.4102372961,
5.621401,0.4102244632,
5.631401,0.4102335841,
5.641401,0.4102640599,
5.651401,0.4103149856,
5.661401,0.4103846564,
5.671401,0.4104711042,
5.681401,0.4105719035,
5.691401,0.4106841531,
5.701401,0.4108049439,
5.711401,0.4109309048,
5.721401,0.4110587534,
5.731401,0.4111851808,
5.741401,0.4113067982,
5.751401,0.4114206481,
5.761401,0.4115237431,
5.771401,0.411613571,
5.781401,0.4116880072,
5.791401,0.411745173,
5.801401,0.4117839353,
5.811401,0.4118033967,
5.821401,0.4118033076,
5.831401,0.4117839718,
5.841401,0.4117459891,
5.851401,0.4116907165,
5.861401,0.4116197014,
5.871401,0.4115349914,
5.881401,0.4114390361,
5.891401,0.4113343284,
5.901401,0.4112238406,
5.911401,0.4111104322,
5.921401,0.4109970867,
5.931401,0.4108868478,
5.941401,0.410782405,
5.951401,0.4106865455,
5.961401,0.4106015898,
5.971401,0.4105296013,
5.981401,0.4104724046,
5.991401,0.4104311664,
6.001401,0.4104069005,
6.011401,0.4103999769,
6.021401,0.4104103352,
6.031401,0.4104376143,
6.041401,0.4104807538,
6.051401,0.4105385625,
6.061401,0.4106093137,
6.071401,0.4106909607,
6.081401,0.4107813696,
6.091401,0.4108779315,
6.101401,0.4109781685,
6.111401,0.411079393,
6.121401,0.4111788912,
6.131401,0.4112742208,
6.141401,0.4113627994,
6.151401,0.4114424994,
6.161401,0.4115113322,
6.171401,0.4115675554,
6.181401,0.4116099907,
6.191401,0.4116375523,
6.201401,0.4116497887,
6.211401,0.4116465627,
6.221401,0.4116280536,
6.231401,0.4115950694,
6.241401,0.4115485051,
6.251401,0.4114898153,
6.261401,0.4114206907,
6.271401,0.411342959,
6.281401,0.4112588977,
6.291401,0.411170644,
6.301401,0.4110806157,
6.311401,0.4109912132,
6.321401,0.4109046511,
6.331401,0.4108233029,
6.341401,0.410749105,
6.351401,0.4106839591,
6.361401,0.4106295015,
6.371401,0.4105869052,
6.381401,0.4105572882,
6.391401,0.4105411528,
6.401401,0.4105387944,
6.411401,0.4105501676,
6.421401,0.4105746819,
6.431401,0.4106116862,
6.441401,0.410659959,
6.451401,0.4107181248,
6.461401,0.4107846179,
6.471401,0.4108574656,
6.481401,0.4109348328,
6.491401,0.4110145502,
6.501401,0.4110945125,
6.511401,0.4111727129,
6.521401,0.4112469885,
6.531401,0.4113155857,
6.541401,0.4113766992,
6.551401,0.4114288128,
6.561401,0.4114707705,
6.571401,0.4115014537,
6.581401,0.4115203311,
6.591401,0.4115269836,
6.601401,0.4115213608,
6.611401,0.4115038665,
6.621401,0.4114749546,
6.631401,0.4114356463,
6.641401,0.4113870405,
6.651401,0.4113304812,
6.661401,0.4112676614,
6.671401,0.4112001512,
6.681401,0.4111298907,
6.691401,0.4110587097,
6.701401,0.4109884261,
6.711401,0.4109209926,
6.721401,0.4108579897,
6.731401,0.4108011189,
6.741401,0.4107517662,
6.751401,0.4107110619,
6.761401,0.4106800979,
6.771401,0.4106594191,
6.781401,0.4106495377,
6.791401,0.4106505691,
6.801401,0.4106622713,
6.811401,0.4106843468,
6.821401,0.4107159495,
6.831401,0.4107562218,
6.841401,0.4108040087,
6.851401,0.410857875,
6.861401,0.4109164812,
6.871401,0.4109781005,
6.881401,0.4110411574,
6.891401,0.4111040053,
6.901401,0.4111648988,
6.911401,0.4112224166,
6.921401,0.4112749672,
6.931401,0.4113212973,
6.941401,0.4113603073,
6.951401,0.4113909531,
6.961401,0.4114126854,
6.971401,0.4114249255,
6.981401,0.4114275161,
6.991401,0.4114205593,
7.001401,0.4114042319,
7.011401,0.4113792255,
7.021401,0.4113461905,
7.031401,0.4113061211,
7.041401,0.4112602164,
7.051401,0.4112096181,
7.061401,0.4111558541,
7.071401,0.4111002683,
7.081401,0.4110443522,
7.091401,0.4109896489,
7.101401,0.4109374354,
7.111401,0.4108891884,
7.121401,0.4108460297,
7.131401,0.4108090238,
7.141401,0.4107791503,
7.151401,0.4107569577,
7.161401,0.4107430673,
7.171401,0.4107376607,
7.181401,0.4107407571,
7.191401,0.4107522695,
7.201401,0.4107716449,
7.211401,0.410798409,
7.221401,0.4108317053,
7.231401,0.4108705509,
7.241401,0.410913972,
7.251401,0.4109606279,
7.261401,0.4110093822,
7.271401,0.4110588845,
7.281401,0.4111077868,
7.291401,0.4111549397,
7.301401,0.411198985,
7.311401,0.411238926,
7.321401,0.4112737361,
7.331401,0.4113025117,
7.341401,0.4113247069,
7.351401,0.4113396785,
7.361401,0.4113472321,
7.371401,0.4113472448,
7.381401,0.4113397395,
7.391401,0.4113251442,
7.401401,0.4113037866,
7.411401,0.4112764045,
7.421401,0.4112437852,
7.431401,0.4112067622,
7.441401,0.4111665,
7.451401,0.4111239522,
7.461401,0.4110803405,
7.471401,0.4110368278,
7.481401,0.4109944517,
7.491401,0.4109544494,
7.501401,0.4109177015,
7.511401,0.4108851937,
7.521401,0.410857746,
7.531401,0.4108359016,
7.541401,0.4108203065,
7.551401,0.4108111611,
7.561401,0.4108086755,
7.571401,0.4108128693,
7.581401,0.410823429,
7.591401,0.4108401454,
7.601401,0.410862385,
7.611401,0.4108895363,
7.621401,0.4109208818,
7.631401,0.410955423,
7.641401,0.4109923645,
7.651401,0.4110306034,
7.661401,0.41106915,
7.671401,0.4111070628,
7.681401,0.4111432269,
7.691401,0.4111768661,
7.701401,0.4112070381,
7.711401,0.4112330102,
7.721401,0.4112542404,
7.731401,0.4112700961,
7.741401,0.4112803744,
7.751401,0.4112847936,
7.761401,0.4112833087,
7.771401,0.4112761283,
7.781401,0.411263369,
7.791401,0.4112455714,
7.801401,0.4112231923,
7.811401,0.4111968538,
7.821401,0.4111673988,
7.831401,0.4111354888,
7.841401,0.4111021164,
7.851401,0.4110681119,
7.861401,0.4110343345,
7.871401,0.411001777,
7.881401,0.4109711244,
7.891401,0.4109432718,
7.901401,0.4109188647,
7.911401,0.4108984448,
7.921401,0.410882617,
7.931401,0.4108715868,
7.941401,0.4108656912,
7.951401,0.4108649879,
7.961401,0.4108693643,
7.971401,0.4108787725,
7.981401,0.4108927568,
7.991401,0.4109109944,
8.001401,0.410932941,
8.011401,0.4109578994,
8.021401,0.4109853187,
8.031401,0.4110143105,
8.041401,0.4110441884,
8.051401,0.4110741632,
8.061401,0.411103363,
8.071401,0.41113118,
8.081401,0.4111567699,
8.091401,0.4111795714,
8.101401,0.4111990422,
8.111401,0.4112146166,
8.121401,0.411226085,
8.131401,0.4112330705,
8.141401,0.4112355117,
8.151401,0.4112334342,
8.161401,0.4112268379,
8.171401,0.4112161007,
8.181401,0.4112014314,
8.191401,0.4111833116,
8.201401,0.4111623026,
8.211401,0.4111388669,
8.221401,0.4111137938,
8.231401,0.4110876423,
8.241401,0.4110611414,
8.251401,0.411035045,
8.261401,0.4110098976,
8.271401,0.4109864884,
8.281401,0.4109652999,
8.291401,0.4109468748,
8.301401,0.4109317304,
8.311401,0.4109200828,
8.321401,0.4109123342,
8.331401,0.4109085435,
8.341401,0.4109087632,
8.351401,0.4109130226,
8.361401,0.4109210178,
8.371401,0.4109326327,
8.381401,0.4109474383,
8.391401,0.410964998,
8.401401,0.4109849178,
8.411401,0.4110065042,
8.421401,0.411029308,
8.431401,0.411052653,
8.441401,0.411075899,
8.451401,0.4110985515,
8.461401,0.411119881,
8.471401,0.4111394759,
8.481401,0.4111567946,
8.491401,0.4111713747,
8.501401,0.4111829903,
8.511401,0.4111912284,
8.521401,0.4111960351,
8.531401,0.4111972895,
8.541401,0.4111949487,
8.551401,0.4111892461,
8.561401,0.4111802251,
8.571401,0.4111682699,
8.581401,0.4111537041,
8.591401,0.4111368705,
8.601401,0.4111183698,
8.611401,0.4110985591,
8.621401,0.411078067,
8.631401,0.4110574258,
8.641401,0.4110370922,
8.651401,0.4110177311,
8.661401,0.4109996928,
8.671401,0.4109835147,
8.681401,0.4109696001,
8.691401,0.4109581884,
8.701401,0.4109496891,
8.711401,0.4109441514,
8.721401,0.4109417539,
8.731401,0.410942541,
8.741401,0.4109463467,
8.751401,0.4109531814,
8.761401,0.4109627009,
8.771401,0.4109746821,
8.781401,0.4109888188,
8.791401,0.4110046008,
8.801401,0.4110217453,
8.811401,0.4110396689,
8.821401,0.4110579396,
8.831401,0.4110761284,
8.841401,0.4110936388,
8.851401,0.4111101715,
8.861401,0.4111251976,
8.871401,0.411138374,
8.881401,0.4111494457,
8.891401,0.4111580185,
8.901401,0.4111640464,
8.911401,0.4111673037,
8.921401,0.4111677541,
8.931401,0.4111654986,
8.941401,0.411160491,
8.951401,0.4111530381,
8.961401,0.4111432754,
8.971401,0.4111314842,
8.981401,0.4111180868,
8.991401,0.4111033087,
9.001401,0.4110876888,
9.011401,0.4110715679,
9.021401,0.4110553552,
9.031401,0.4110395759,
9.041401,0.4110244887,
9.051401,0.4110106089,
9.061401,0.4109982202,
9.071401,0.4109875952,
9.081401,0.4109791012,
9.091401,0.4109727851,
9.101401,0.4109689078,
9.111401,0.4109674917,
9.121401,0.4109684973,
9.131401,0.4109719907,
9.141401,0.4109777022,
9.151401,0.4109855702,
9.161401,0.4109953295,
9.171401,0.4110066427,
9.181401,0.4110193262,
9.191401,0.4110328863,
9.201401,0.4110470632,
9.211401,0.4110614613,
9.221401,0.4110756295,
9.231401,0.4110893381,
9.241401,0.4111020922,
9.251401,0.411113664,
9.261401,0.4111237628,
9.271401,0.4111320572,
9.281401,0.411138495,
9.291401,0.411142792,
9.301401,0.4111449427,
9.311401,0.4111449287,
9.321401,0.4111426785,
9.331401,0.4111384233,
9.341401,0.4111321653,
9.351401,0.4111241587,
9.361401,0.41111466,
9.371401,0.4111038256,
9.381401,0.4110921015,
9.391401,0.411079678,
9.401401,0.4110669403,
9.411401,0.4110542655,
9.421401,0.4110418639,
9.431401,0.4110302034,
9.441401,0.4110194617,
9.451401,0.4110099458,
9.461401,0.4110019445,
9.471401,0.4109955204,
9.481401,0.4109909689,
9.491401,0.4109882784,
9.501401,0.4109875201,
9.511401,0.4109887598,
9.521401,0.4109918061,
9.531401,0.4109967026,
9.541401,0.4110032029,
9.551401,0.4110111265,
9.561401,0.4110203323,
9.571401,0.4110304244,
9.581401,0.4110412699,
9.591401,0.4110524928,
9.601401,0.4110637892,
9.611401,0.4110749587,
9.621401,0.4110855672,
9.631401,0.4110954803,
9.641401,0.411104377,
9.651401,0.4111120158,
9.661401,0.4111183189,
9.671401,0.4111229913,
9.681401,0.4111260594,
9.691401,0.4111274052,
9.701401,0.4111269779,
9.711401,0.4111249265,
9.721401,0.4111211758,
9.731401,0.4111159648,
9.741401,0.4111094037,
9.751401,0.4111016289,
9.761401,0.4110929829,
9.771401,0.411083554,
9.781401,0.4110737083,
9.791401,0.411063679,
9.801401,0.4110536649,
9.811401,0.4110440592,
9.821401,0.4110349618,
9.831401,0.4110267035,
9.841401,0.4110194762,
9.851401,0.4110133772,
9.861401,0.4110086903,
9.871401,0.4110053782,
9.881401,0.4110035987,
9.891401,0.4110033812,
9.901401,0.4110046213,
9.911401,0.411007412,
9.921401,0.4110115243,
9.931401,0.4110169102,
9.941401,0.4110234305,
9.951401,0.4110307988,
9.961401,0.4110389587,
9.971401,0.411047557,
9.981401,0.411056426,
9.991401,0.4110653629,
10.001401,0.4110740207,
10.011401,0.411082325,
10.021401,0.4110899405,
10.031401,0.4110967249,
10.041401,0.411102558,
10.051401,0.411107177,
10.061401,0.4111106245,
10.071401,0.4111127111,
10.081401,0.4111134323,
10.091401,0.4111128469,
10.101401,0.4111108561,
10.111401,0.4111076758,
10.121401,0.4111033001,
10.131401,0.4110978762,
10.141401,0.411091633,
10.151401,0.4110846066,
10.161401,0.4110771337,
10.171401,0.4110693227,
10.181401,0.4110613848,
10.191401,0.4110536158,
10.201401,0.4110460745,
10.211401,0.4110390939,
10.221401,0.4110327695,
10.231401,0.4110272464,
10.241401,0.4110227575,
10.251401,0.4110192618,
10.261401,0.4110169712,
10.271401,0.4110158642,
10.281401,0.4110159279,
10.291401,0.4110172557,
10.301401,0.4110196499,
10.311401,0.4110231602,
10.321401,0.4110276287,
10.331401,0.411032885,
10.341401,0.4110389015,
10.351401,0.4110453635,
10.361401,0.4110522137,
10.371401,0.4110592305,
10.381401,0.4110661723,
10.391401,0.4110729867,
10.401401,0.4110793501,
10.411401,0.4110852091,
10.421401,0.4110903937,
10.431401,0.411094707,
10.441401,0.411098182,
10.451401,0.4111005938,
10.461401,0.4111019884,
10.471401,0.4111023342,
10.481401,0.411101552,
10.491401,0.4110998167,
10.501401,0.4110970448,
10.511401,0.4110934054,
10.521401,0.4110890113,
10.531401,0.4110838916,
10.541401,0.4110783333,
10.551401,0.4110723519,
10.561401,0.4110661795,
10.571401,0.411060002,
10.581401,0.4110538742,
10.591401,0.4110481026,
10.601401,0.4110427053,
10.611401,0.4110378755,
10.621401,0.4110337693,
10.631401,0.4110303685,
10.641401,0.4110279013,
10.651401,0.4110263004,
10.661401,0.4110256397,
10.671401,0.4110259763,
10.681401,0.4110271638,
10.691401,0.4110293083,
10.701401,0.4110322315,
10.711401,0.4110358755,
10.721401,0.4110402019,
10.731401,0.4110449564,
10.741401,0.4110501555,
10.751401,0.4110555583,
10.761401,0.4110610342,
10.771401,0.4110665185,
10.781401,0.4110717291,
10.791401,0.4110766757,
10.801401,0.4110811448,
10.811401,0.4110850234,
10.821401,0.4110883093,
10.831401,0.4110907806,
10.841401,0.4110925203,
10.851401,0.4110934171,
10.861401,0.4110934406,
10.871401,0.4110927043,
10.881401,0.4110910902,
10.891401,0.411088782,
10.901401,0.4110857873,
10.911401,0.4110821601,
10.921401,0.4110781165,
10.931401,0.411073619,
10.941401,0.4110689133,
10.951401,0.4110640774,
10.961401,0.411059192,
10.971401,0.4110545075,
10.981401,0.4110499956,
10.991401,0.4110458852,
11.001401,0.4110422459,
11.011401,0.4110391052,
11.021401,0.4110366693,
11.031401,0.4110348462,
11.041401,0.411033779,
11.051401,0.4110334681,
11.061401,0.4110338375,
11.071401,0.4110350057,
11.081401,0.411036789,
11.091401,0.4110392246,
11.101401,0.4110422383,
11.111401,0.4110456567,
11.121401,0.4110495276,
11.131401,0.4110536055,
11.141401,0.4110578606,
11.151401,0.4110621926,
11.161401,0.4110663879,
11.171401,0.4110704847,
11.181401,0.4110742446,
11.191401,0.4110776397,
11.201401,0.4110806138,
11.211401,0.4110829845,
11.221401,0.4110848454,
11.231401,0.411086029,
11.241401,0.411086565,
11.251401,0.41108649,
11.261401,0.411085694,
11.271401,0.411084355,
11.281401,0.4110823983,
11.291401,0.4110799201,
11.301401,0.4110770484,
11.311401,0.411073735,
11.321401,0.411070219,
11.331401,0.4110664882,
11.341401,0.4110626649,
11.351401,0.4110589207,
11.361401,0.4110552171,
11.371401,0.4110517947,
11.381401,0.4110486439,
11.391401,0.4110458507,
11.401401,0.4110435671,
11.411401,0.4110417056,
11.421401,0.4110404499,
11.431401,0.4110397417,
11.441401,0.411039585,
11.451401,0.4110400726,
11.461401,0.4110410389,
11.471401,0.4110425876,
11.481401,0.4110446008,
11.491401,0.4110469973,
11.501401,0.4110498166,
11.511401,0.4110528326,
11.521401,0.4110560921,
11.531401,0.4110594506,
11.541401,0.4110627815,
11.551401,0.4110661152,
11.561401,0.4110692163,
11.571401,0.4110721265,
11.581401,0.4110747303,
11.591401,0.4110769112,
11.601401,0.4110787433,
11.611401,0.4110800354,
11.621401,0.4110808706,
11.631401,0.4110812055,
11.641401,0.4110809712,
11.651401,0.4110803141,
11.661401,0.4110791109,
11.671401,0.411077499,
11.681401,0.4110755131,
11.691401,0.4110731302,
11.701401,0.4110705564,
11.711401,0.4110677192,
11.721401,0.411064783,
11.731401,0.4110618286,
11.741401,0.4110588412,
11.751401,0.4110560427,
11.761401,0.4110533668,
11.771401,0.4110509562,
11.781401,0.4110488885,
11.791401,0.4110471099,
11.801401,0.4110458098,
11.811401,0.4110448858,
11.821401,0.4110444183,
11.831401,0.4110444467,
11.841401,0.4110448506,
11.851401,0.4110457627,
11.861401,0.4110470306,
11.871401,0.4110486636,
11.881401,0.4110506624,
11.891401,0.4110528473,
11.901401,0.4110553073,
11.911401,0.4110578616,
11.921401,0.4110604748,
11.931401,0.4110631397,
11.941401,0.4110656556,
11.951401,0.4110681052,
11.961401,0.4110703229,
11.971401,0.4110722709,
11.981401,0.4110739771,
11.991401,0.411075263,
12.001401,0.4110762434,
12.011401,0.4110768057,
12.021401,0.4110769421,
12.031401,0.4110767427,
12.041401,0.4110760745,
12.051401,0.4110750993,
12.061401,0.4110737679,
12.071401,0.411072106,
12.081401,0.411070261,
12.091401,0.4110681373,
12.101401,0.4110659263,
12.111401,0.4110636214,
12.121401,0.4110612555,
12.131401,0.4110590015,
12.141401,0.411056769,
12.151401,0.4110547408,
12.161401,0.411052916,
12.171401,0.4110512963,
12.181401,0.4110500417,
12.191401,0.4110490319,
12.201401,0.4110484064,
12.211401,0.4110481398,
12.221401,0.4110481773,
12.231401,0.4110486423,
12.241401,0.4110493704,
12.251401,0.4110504452,
12.261401,0.4110518127,
12.271401,0.4110533623,
12.281401,0.4110551867,
12.291401,0.4110570905,
12.301401,0.4110591179,
12.311401,0.4110612077,
12.321401,0.4110632207,
12.331401,0.4110652461,
12.341401,0.4110670907,
12.351401,0.4110687914,
12.361401,0.4110703141,
12.371401,0.4110715251,
12.381401,0.4110725416,
12.391401,0.4110732049,
12.401401,0.4110735718,
12.411401,0.41107366,
12.421401,0.4110733634,
12.431401,0.4110728419,
12.441401,0.4110719843,
12.451401,0.4110708731,
12.461401,0.4110695789,
12.471401,0.4110680205,
12.481401,0.4110663901,
12.491401,0.4110646119,
12.501401,0.4110627758,
12.511401,0.4110609833,
12.521401,0.4110591546,
12.531401,0.4110574855,
12.541401,0.4110559081,
